#id,caliber in inches,ladder aiming progress growth upto one from double-shot salvo,target-locked aim progress,during aiming minimal delay between salvos,time to acquire target (estimation),visual shell+trail size modifier,visual size modifier: shot (fire+exhaust) from barrel,visual size modifier: water splash on hit water,small delay between shooting of different guns,TODO,TODO," chance to hit at max range (K=0.005 - very poor, K=0.05 - very good) (will scale inside expontentially, see below)","expontentinal modifier for accuracy (formula is: accuracy_base=K^(x^b), x is in [0;1] for mix/max range);",hit chance simple final multiplier,damage modifier (multiplier),air resistance,internal physics drag,basic turret weight,amount of shells per barrel,barrel's weight (used for cost too),,,,,gun's firerate (shots per minute),,,,,shell weight's (for arc),,,,,shell's velocity (for arc),,,,,max fire range (in km),,,,,,accuracy modifier,,,,,penetration modifier (multiplier),,,,,,,,,,,,,
@name,caliberInch,aimProgress,lockedProgress,aimSalvoDelay,#timeToAcquireTarget,shellSize,shotSize,splashSize,shootDelay,shootDelayMin,shootDelayMax,hitChanceMaxRange,hitChanceCurver,hitChanceMult,damageMod,dragX,#drag,baseWeight,ammo,barrelW_1,barrelW_2,barrelW_3,barrelW_4,barrelW_5,firerate_1,firerate_2,firerate_3,firerate_4,firerate_5,shellW_1,shellW_2,shellW_3,shellW_4,shellW_5,shellV_1,shellV_2,shellV_3,shellV_4,shellV_5,range_1,range_2,range_3,range_4,range_5,#rangeOriginal,accuracy_1,accuracy_2,accuracy_3,accuracy_4,accuracy_5,penetration_1,penetration_2,penetration_3,penetration_4,penetration_5,#Target Initial Ranges,#Drag,#Test Drag 1,#Accuracy Old,#Accuracy New,#Accuracy Old,#Accuracy New,#Accuracy Old,#Accuracy New
default,0,1,1,10,,1,1,1,0.2,0.2,0.2,0.01,1,1,1,1,1,1,100,0,0,0,0,0,0,0,0,0,0,0,0,0,0,0,0,0,0,0,0,0,0,0,0,0,0,0,0,0,0,0,0,0,0,0,0,,,,,,,,,
1,1,165.375,2033.955866,2,0,0.11,0.4,0.6,3.5,0.05,14,0.00003,0.48,6,0.003,13.5,0.13,0.48,545,0.1364,0.13981,0.143,0.147,0.15,25,50,80,120,180,2,2.07,2.14245,2.21743575,2.295046001,795,818,866,890,914,"5,000","5,250","5,750","6,500","7,000","8,000",0.65,0.67,0.69,0.72,0.75,0.935,1.0098,1.090584,1.17783072,1.272057178,2275,18,45,3,1.2,0.3348,0.45198,83.148,116.4072
2,2,110.25,1694.963222,2,0,0.11,0.4,0.6,3.5,0.05,14,0.00003,0.4825,6,0.025,13.5,0.54,0.86,530,0.1689,0.1731225,0.177,0.182,0.186,20,25,30,40,60,2.5,2.5875,2.6780625,2.771794688,2.868807502,787,811,859,883,907,"5,500","5,750","6,500","7,000","8,000","9,000",0.65,0.67,0.69,0.72,0.75,0.935,1.0098,1.090584,1.17783072,1.272057178,2275,14.5,36.25,2.97,1.188,0.3348,0.45198,83.148,116.4072
3,3,73.5,736.9405313,3,0,0.1375,0.5,0.6,3.5,0.05,14,0.00003,0.4850,6,0.086,13,1.17,1.69,380,0.285,0.292125,0.299,0.307,0.314,12,15,20,25,30,11,11.385,11.783475,12.19589663,12.62275301,782,806,853,877,902,"6,000","6,250","7,000","8,000","9,000","10,000",0.65,0.67,0.69,0.72,0.75,0.935,1.0098,1.090584,1.17783072,1.272057178,3850,13.5,33.75,2.85,1.14,0.243,0.32805,73.2108,102.49512
4,4,58.8,334.9729688,4,0,0.19,0.6,0.8,3.25,0.05,14,0.00003,0.4875,6,0.209,13,2.08,3.4,330,0.5,0.5125,0.525,0.538,0.552,8,12,14,16,17,14.4,14.904,15.42564,15.9655374,16.52433121,773,797,844,868,893,"6,500","6,750","7,350","8,400","9,450","10,500",0.65,0.67,0.69,0.72,0.75,0.935,1.0098,1.090584,1.17783072,1.272057178,4900,12.9,32.25,2.73,1.092,0.216,0.2916,64.272,89.9808
5,5,47.04,159.5109375,5,0,0.31,0.8,0.95,3.35,0.05,14,0.00003,0.49,5,0.416,14,3.5,7.9,270,1.6,1.64,1.681,1.723,1.766,5,7,8.5,15,16,28.8,29.808,30.85128,31.9310748,33.04866242,763,787,834,858,883,"7,000","7,250","8,400","9,600","10,800","12,000",0.65,0.67,0.69,0.72,0.75,0.935,1.0098,1.090584,1.17783072,1.272057178,5950,12.7,31.75,2.61,1.044,0.2106,0.28431,52.26,73.164
6,6,11.76,80.15625,5.5,0,0.395,0.95,1,3.75,0.1,5,0.00003,0.4925,4,0.729,14,5.04,14.8,220,3.2,3.28,3.362,3.446,1.532,4,4.8,6,7,10,50,51.75,53.56125,55.43589375,57.37615003,754,778,825,849,874,"7,500","8,100","9,450","10,800","12,150","13,500",0.65,0.67,0.69,0.72,0.75,0.935,1.0098,1.090584,1.17783072,1.272057178,6650,12.5,31.25,2.49,0.996,0.1998,0.26973,42.9,60.06
7,7,0.588,42.1875,6,10,0.475,1.25,1.15,3.5,0.1,5,0.00003,0.495,4,1.172,17.5,8.57,22,180,4.8,4.92,5.043,5.169,5.298,3.5,4.6,5,6.5,7.5,70.4,72.864,75.41424,78.0537384,80.78561924,744,768,815,839,864,"8,000","9,000","10,500","12,000","13,500","15,000",0.65,0.67,0.69,0.72,0.75,0.935,1.0098,1.090584,1.17783072,1.272057178,7350,12,30,2.37,0.948,0.1944,0.26244,7.02,9.828
8,8,0.084,33.75,6.5,77,0.59,1.5,1.3,3,0.1,5,0.00003,0.4975,4,1.768,17.5,11.2,33,160,7.2,7.38,7.564,7.753,7.947,2,4,4.5,5,5.5,104,107.64,111.4074,115.306659,119.3423921,734,758,805,829,854,"9,075","9,900","11,550","13,200","14,850","16,500",0.65,0.67,0.69,0.72,0.75,0.94,1.0152,1.096416,1.18412928,1.278859622,8050,11.5,28.75,2.25,0.9,0.189,0.25515,6.63,9.282
9,9,0.042,27,7,166,0.65,2,1.55,0.375,0.2,5,0.00003,0.5,3,2.668,22.5,18.22,51,150,11.2,11.48,11.767,12.061,12.363,1.95,3.35,3.85,4.45,4.85,156.8,162.288,167.96808,173.8469628,179.9316065,725,749,796,830,845,"9,900","10,800","12,600","14,400","16,200","18,000",0.65,0.67,0.69,0.72,0.75,0.94,1.0152,1.096416,1.18412928,1.278859622,8750,11,27.5,2.214,0.8856,0.195,0.26325,5.46,7.644
10,10,0.045,33,9,200,0.7,2.6,1.8,0.45,0.22,5,0.00003,0.5025,2.5,3.690,18,18,64.8,140,14.2,14.555,14.919,15.292,15.674,1.85,2.25,2.75,3.15,4.15,207.2,214.452,221.95782,229.7263437,237.7667657,715,739,786,820,835,"11,000","12,000","14,000","16,000","18,000","20,000",0.65,0.67,0.69,0.72,0.75,0.94,1.0152,1.096416,1.18412928,1.278859622,9450,12,30,2.268,0.9072,0.384,0.5184,4.134,5.7876
11,11,0.05625,36.3,11,195,0.75,3.3,2.2,0.475,0.275,5,0.00003,0.505,2.2,4.949,17,20.57,80.2,130,17.6,18.04,18.491,18.953,19.427,1.65,2.07,2.45,2.85,3.65,277.6,287.316,297.37206,307.7800821,318.552385,705,729,776,810,825,"12,100","13,200","15,400","17,600","19,800","22,000",0.65,0.67,0.69,0.72,0.75,0.94,1.0152,1.096416,1.18412928,1.278859622,10150,12.5,31.25,2.322,0.9288,0.396,0.5346,3.978,5.5692
12,12,0.0703125,39.93,13,184,0.8,4,2.5,0.5,0.3,5,0.00003,0.5075,2,6.603,16,23.04,99.7,120,21.9,22.4475,23.01,23.584,24.173,1.40,2.01,2.32,2.55,3.35,388,401.58,415.6353,430.1825355,445.2389242,696,730,767,801,816,"13,200","14,400","16,800","19,200","21,600","24,000",0.65,0.67,0.69,0.72,0.75,0.945,1.0206,1.102248,1.19042784,1.285662067,11550,14.992215,37.4805375,2.376,0.9504,0.408,0.5508,3.822,5.3508
13,13,0.116015625,43.923,14,120,0.85,4.75,2.8,0.525,0.33,5,0.00003,0.51,2,7.886,15,25.35,121.8,110,26.7,27.3675,28.052,28.753,29.472,1.05,1.78,1.96,2.2,2.75,504,521.64,539.8974,558.793809,578.3515923,691,725,762,796,811,"14,300","15,600","18,200","20,800","23,400","26,000",0.65,0.67,0.69,0.72,0.75,0.95,1.026,1.10808,1.1967264,1.292464512,12250,13.992734,34.981835,2.43,0.972,0.3552,0.47952,3.666,5.1324
14,14,0.214628906,48.3153,15,69,0.9,5.55,3.1,0.55,0.36,5,0.00003,0.5125,2,9.908,3,5.88,146.6,110,32.2,33.005,33.83,34.676,35.543,0.8,1.75,1.86,2.1,2.5,600,621,642.735,665.230725,688.5138004,688,722,759,793,808,"15,400","16,800","19,600","22,400","25,200","28,000",0.65,0.67,0.69,0.72,0.75,0.955,1.0314,1.113912,1.20302496,1.299266957,13125,11.993772,29.98443,2.484,0.9936,0.3552,0.47952,3.51,4.914
15,15,0.321943359,60.394125,16,49,0.95,6.35,3.4,0.575,0.39,5,0.00003,0.515,2,12.253,1.5,3.37,174.2,110,38.3,39.2575,40.239,41.245,42.276,0.75,1.73,1.83,2,2.3,736,761.76,788.4216,816.016356,844.5769285,685,719,756,790,805,"16,500","18,000","21,000","24,000","27,000","30,000",0.65,0.67,0.69,0.72,0.75,0.96,1.0368,1.119744,1.20932352,1.306069402,14000,8.995329,22.4883225,2.538,1.0152,0.3552,0.47952,3.354,4.6956
16,16,0.482915039,75.49265625,17,35,1,7.25,3.75,0.6,0.42,5,0.00003,0.5175,2,14.948,1,2.56,201.8,110,45,46.125,47.278,48.46,49.672,0.7,1.67,1.72,1.95,2.1,880,910.8,942.678,975.67173,1009.820241,681,715,751,785,801,"17,600","19,200","22,400","25,600","28,800","32,000",0.65,0.67,0.69,0.72,0.75,0.965,1.0422,1.125576,1.21562208,1.312871846,15050,7.4961075,18.74026875,2.592,1.0368,0.3552,0.47952,3.198,4.4772
17,17,0.724372559,94.36582031,18,24,1.05,8.25,4.1,0.625,0.5,5,0.00003,0.52,2,18.017,0.75,2.16,227.8,110,52.4,53.71,55.053,56.429,57.84,1.4,1.58,1.69,1.85,1.9,1012,1047.42,1084.0797,1122.02249,1161.293277,676,710,746,780,796,"18,700","20,400","23,800","27,200","30,600","34,000",0.65,0.67,0.69,0.72,0.75,0.97,1.0476,1.131408,1.22192064,1.319674291,16100,5.996886,14.992215,2.7,1.08,0.3552,0.47952,3.042,4.2588
18,18,0.86924707,117.9572754,20,23,1.1,9.3,4.45,0.65,0.6,5,0.00003,0.5225,2,21.485,0.25,0.81,250.8,110,61.3,62.8325,64.403,66.013,67.664,1.3,1.5,1.62,1.81,1.86,1200,1242,1285.47,1330.46145,1377.027601,671,705,741,776,791,"19,800","21,600","25,200","28,800","32,400","36,000",0.65,0.67,0.69,0.72,0.75,0.975,1.053,1.13724,1.2282192,1.326476736,17150,3.4981835,8.74545875,2.808,1.1232,0.3552,0.47952,2.886,4.0404
19,19,1.043096484,147.4465942,22,21,1.15,10,4.75,0.675,0.7,5,0.00003,0.525,2,25.378,0.05,0.18,301.6,100,76.1,78.0025,79.952,81.951,84,1.24,1.4,1.56,1.65,1.72,1400,1449,1499.715,1552.205025,1606.532201,666,700,736,770,785,"20,900","22,800","26,600","30,400","34,200","38,000",0.65,0.67,0.69,0.72,0.75,0.975,1.053,1.13724,1.2282192,1.326476736,17150,2.125,5.3125,3,1.2,0.3552,0.47952,2.73,3.822
20,20,1.251715781,184.3082428,24,19,1.2,11,5,0.7,0.8,5,0.00003,0.5275,2,29.721,0.05,0.2,378.5,100,102.3,104.8575,107.479,110.166,112.92,1.12,1.19,1.25,1.4,1.51,1560,1614.6,1671.111,1729.599885,1790.135881,661,695,731,765,780,"22,000","24,000","28,000","32,000","36,000","40,000",0.65,0.67,0.69,0.72,0.75,0.975,1.053,1.13724,1.2282192,1.326476736,17150,1.275,3.1875,3.3,1.32,0.3552,0.47952,2.574,3.6036
21,21,1.502058938,230.3853035,26,17,1.3,12,5.25,0.75,0.84,5,0.00003,0.53,2,34.541,0.05,0.22,475.3,100,116.2,119.105,122.082,125.135,128.263,1.02,1.1,1.16,1.24,1.37,1720,1780.2,1842.507,1906.994745,1973.739561,648,654,689,725,759,"23,100","25,200","29,400","33,600","37,800","42,000",0.65,0.67,0.69,0.72,0.75,0.975,1.053,1.13724,1.2282192,1.326476736,17150,1.1,2.75,3.6,1.44,0.3552,0.47952,2.574,3.6036
#,,,,,,,,,,,,,,,,,,temp_modifiers,,weight modifiers,,,,tert,1.25,1.45,1.65,1.8,1.95,Shell Weight Modifier,,,,,Shell Speed Modifier,,,,,range modifiers,,,,,,,,,,,penetration,,,,,,,,,,,,,
#,,,,,,,,,,,,,,,,,,0.016,,1,,,,sec,1.05,1.4,1.6,1.85,2,1,,,,,1,1.025,1.05,1.1,1.125,0.55,0.6,0.7,0.8,0.9,base,,,,,,,1.08,1.1,1.12,1.15,,,,,,,,,
#,,,,,,,,,,,,,,,,,,0.1,,0.22,,,,main,1.05,1.4,1.65,1.9,2,,,,,,,,,,,0.45,0.5,0.55,0.75,1,old,,,,,,,,,,,,,,,Old Shell Velocities,,,,
#,,0.033,,,,,,,,,,,,,,,,,,,,,,,,,,,,,,,,,,,,,,,,,,,,,,,,,,,,,,,,,784.35,812.7,848.61,926.1,982.8,
#,,0.036,,,,,,,,,,,,,,,,,,,,,,,,,,,,,,,,,,,,,,,,,,,,,,,,,,,,,,,,,774.9,803.25,838.215,893.025,945,
#,,0.039,,,,,,,,,,,,,,,,,,,,,,,,,,,,,,,,,,,,,,,,,,,,,,,,,,,,,,,,,765.45,793.8,827.82,878.85,916.65,
#,,,,,,,,,,,,,,,,,,,,,,,,,,,,,,,,,,,,,,,,,,,,,,,,,,,,,,,,,,,756,784.35,818.37,864.675,907.2,
#,,,,,,,,,,,,,,,,,,,,,,,,,,,,,,,,,,,,,,,,,,,,,,,,,,,,,,,,,,,746.55,774.9,807.975,859.95,902.475,
#,,,,,,,,,,,,,,,,,,,,,,,,,,,,,,,,,,,,,,,,,,,,,,,,,,,,,,,,,,,737.1,765.45,800.415,855.225,897.75,
#,,,,,,,,,,,,,,,,,,,,,,,,,,,,,,,,,,,,,,,,,,,,,,,,,,,,,,,,,,,727.65,763.56,797.58,850.5,893.025,
#,,,,,,,,,,,,,,,,,,,,,,,,,,,,,,,,,,,,,,,,,,,,,,,,,,,,,,,,,,,718.2,760.725,794.745,845.775,888.3,
#,,,,,,,,,,,,,,,,,,,,,,,,,,,,,,,,,,,,,,,,,,,,,,,,,,,,,,,,,,,708.75,758.835,791.91,841.05,883.575,
#,,,,,,,,,,,,,,,,,,,,,,,,,,,,,,,,,,,,,,,,,,,,,,,,,,,,,,,,,,,699.3,748.44,789.075,834.435,878.85,
#,,,,,,,,,,,,,,,,,,,,,,,,,,,,,,,,,,,,,,,,,,,,,,,,,,,,,,,,,,,689.85,738.045,784.35,830.655,872.235,
#,,,,,,,,,,,,,,,,,,,,,,,,,,,,,,,,,,,,,,,,,,,,,,,,,,,,,,,,,,,685.125,719.145,755.055,792.855,832.545,
#,,,,,,,,,,,,,,,,,,,,,,,,,,,,,,,,,,,,,,,,,,,,,,,,,,,,,,,,,,,682,714.42,750.33,788.13,827.82,
#,,,,,,,,,,,,,,,,,,,,,,,,,,,,,,,,,,,,,,,,,,,,,,,,,,,,,,,,,,,679,709.695,745.605,782.46,821.205,
#,,,,,,,,,,,,,,,,,,,,,,,,,,,,,,,,,,,,,,,,,,,,,,,,,,,,,,,,,,,675,704.97,739.935,776.79,815.535,
#,,,,,,,,,,,,,,,,,,,,,,,,,,,,,,,,,,,,,,,,,,,,,,,,,,,,,,,,,,,670,694.575,729.54,766.395,805.14,
#,,"formula for hit chance info:
* K - chance to hit at max range, very important, set values like from 0.005 to 0.03
* x - range ratio, 0 is point blank, 1 is max firing distance
* new formula: chance = K^(x^b)*C
* from: http://navweaps.com/index_inro/INRO_Hood_p4.htm
* old formula: chance = K + (1-K) * ( 1 - x^a )
* a=0.3, b=1 - affecting constant
* K=0.005 - very poor, K=0.05 - very good
* C=1 - constant multiplier",,,,,,,,,,,,,,,,,,,,,,,,,,,,,,,,,,,,,,,,,,,,,,,,,,,,,,,,,665,685.125,719.145,755.055,792.855,
#,,,,,,,,,,,,,,,,,,,,,,,,,,,,,,,,,,,,,,,,,,,,,,,,,,,,,,,,,,,660,650,690,715,730,
#,,,,,,,,,,,,,,,,,,,,,,,,,,,,,,,,,,,,,,,,,,,,,,,,,,,,,,,,,,,655,640,680,705,720,
#,,graph:,,https://www.desmos.com/calculator/effnz2qzri,,,,,,,,,,,,,,,,,,,,,,,,,,,,,,,,,,,,,,,,,,,,,,,,13.5,14.85,15.75,16.65,17.55,12.15,13.365,14.175,14.985,15.795,,,
#,,,,,,,,,,,,,,,,,,,,,,,,,,,,,,,,,,,,,,,,,,,,,,,,,,,,11.25,12.15,13.05,13.95,14.85,10.125,10.935,11.745,12.555,13.365,,,
#,,accuracy calculation (percent):,,,,,,,,,,,,,,,,,,,,,,,,,,,,,,,,,,,,,,,,,,,,,,,,,,6.8,8.06,8.69,9.32,9.95,6.12,7.254,7.821,8.388,8.955,,,
#,,0,,5,10,15,20,25,30,35,40,45,50,55,60,65,,70,75,,80,85,90,95,100,,,,,,,,,,,,,,,,,,,,,,,,,,,3.78,4.41,5.04,5.67,6.3,3.402,3.969,4.536,5.103,5.67,,,
#,1,140,,22.45,11.29,6.73,4.38,3.01,2.15,1.58,1.19,0.91,0.71,0.56,0.44,0.36,,0.29,0.24,,0.19,0.16,0.13,0.11,0.09,,,,,,,,,,,,,,,,,,,,,,,,,,,2.8,3.15,3.78,4.41,5.04,3.08,3.465,4.158,4.851,5.544,,,
#,2,133.75,,20.94,10.43,6.18,4,2.74,1.95,1.42,1.07,0.81,0.63,0.5,0.39,0.32,,0.26,0.21,,0.17,0.14,0.12,0.1,0.08,,,,,,,,,,,,,,,,,,,,,,,,,,,2.8,3.15,3.78,4.41,5.04,3.08,3.465,4.158,4.851,5.544,,,
#,3,128.75,,19.67,9.72,5.72,3.68,2.5,1.77,1.29,0.96,0.73,0.57,0.44,0.35,0.28,,0.23,0.18,,0.15,0.12,0.1,0.08,0.07,,,,,,,,,,,,,,,,,,,,,,,,,,,2.4,2.52,2.835,3.15,3.465,2.64,2.772,3.1185,3.465,3.8115,,,
#,4,121.25,,18.09,8.85,5.17,3.31,2.24,1.58,1.15,0.85,0.65,0.5,0.39,0.31,0.24,,0.2,0.16,,0.13,0.11,0.09,0.07,0.06,,,,,,,,,,,,,,,,,,,,,,,,,,,1.79,2.079,2.457,2.709,2.961,2.0585,2.39085,2.82555,3.11535,3.40515,,,
#,5,113.75,,16.57,8.03,4.66,2.97,2,1.4,1.01,0.75,0.57,0.43,0.34,0.27,0.21,,0.17,0.14,,0.11,0.09,0.07,0.06,0.05,,,,,,,,,,,,,,,,,,,,,,,,,,,1.6,1.89,2.205,2.52,2.772,1.84,2.1735,2.53575,2.898,3.1878,,,
#,6,108.75,,15.46,7.43,4.28,2.71,1.82,1.27,0.91,0.67,0.51,0.39,0.3,0.23,0.19,,0.15,0.12,,0.1,0.08,0.06,0.05,0.04,,,,,,,,,,,,,,,,,,,,,,,,,,,1.275,1.485,1.845,2.07,2.295,1.46625,1.70775,2.12175,2.3805,2.63925,,,
#,7,102.5,,15.08,7.21,4.13,2.59,1.72,1.19,0.85,0.63,0.47,0.35,0.27,0.21,0.17,,0.13,0.1,,0.08,0.07,0.05,0.04,0.04,,,,,,,,,,,,,,,,,,,,,,,,,,,1.063125,1.4175,1.771875,1.935,2.025,1.22259375,1.630125,2.03765625,2.22525,2.32875,,,
#,8,100,,14.37,6.81,3.87,2.42,1.6,1.1,0.79,0.57,0.43,0.32,0.25,0.19,0.15,,0.12,0.09,,0.07,0.06,0.05,0.04,0.03,,,,,,,,,,,,,,,,,,,,,,,,,,,0.83916,1.251,1.53,1.71,1.89,0.965034,1.43865,1.7595,1.9665,2.1735,,,
#,9,97.5,,14.42,6.8,3.84,2.38,1.56,1.07,0.76,0.55,0.4,0.3,0.23,0.18,0.14,,0.11,0.08,,0.07,0.05,0.04,0.03,0.03,,,,,,,,,,,,,,,,,,,,,,,,,,,0.693,0.9702,1.2474,1.44,1.62,0.79695,1.11573,1.43451,1.656,1.863,,,
#,10,98.962,,13.46,6.31,3.56,2.21,1.46,1,0.71,0.52,0.39,0.29,0.22,0.17,0.13,,0.11,0.08,,0.07,0.05,0.04,0.03,0.03,,,,,,,,,,,,,,,,,,,,,,,,,,,0.61803,0.89271,1.16739,1.35,1.53,0.7107345,1.0266165,1.3424985,1.5525,1.7595,,,
#,11,100.446,,12.55,5.85,3.31,2.06,1.36,0.94,0.67,0.49,0.37,0.28,0.21,0.17,0.13,,0.1,0.08,,0.07,0.05,0.04,0.03,0.03,,,,,,,,,,,,,,,,,,,,,,,,,,,0.598752,0.857304,1.08864,1.26,1.4175,0.6885648,0.9858996,1.251936,1.449,1.630125,,,
#,12,101.953,,11.69,5.43,3.07,1.92,1.28,0.89,0.64,0.47,0.35,0.27,0.21,0.16,0.13,,0.1,0.08,,0.07,0.05,0.04,0.03,0.03,,,,,,,,,,,,,,,,,,,,,,,,,,,0.571536,0.843696,0.95256,1.08,1.27575,0.6572664,0.9702504,1.095444,1.242,1.4671125,,,
#,13,103.482,,10.91,5.05,2.87,1.8,1.2,0.84,0.6,0.45,0.34,0.26,0.2,0.16,0.13,,0.1,0.08,,0.07,0.05,0.04,0.04,0.03,,,,,,,,,,,,,,,,,,,,,,,,,,,0.54432,0.81648,0.88452,0.99,1.134,0.625968,0.938952,1.017198,1.1385,1.3041,,,
#,14,105.035,,10.17,4.71,2.68,1.69,1.13,0.79,0.58,0.43,0.33,0.25,0.2,0.16,0.12,,0.1,0.08,,0.07,0.05,0.04,0.04,0.03,,,,,,,,,,,,,,,,,,,,,,,,,,,0.530712,0.789264,0.843696,0.9,0.99225,0.6103188,0.9076536,0.9702504,1.035,1.1410875,,,
#,15,106.61,,9.48,4.39,2.5,1.58,1.07,0.75,0.55,0.41,0.31,0.24,0.19,0.15,0.12,,0.1,0.08,,0.07,0.05,0.05,0.04,0.03,,,,,,,,,,,,,,,,,,,,,,,,,,,,,,,,,,,,,,,
#,16,108.209,,8.84,4.09,2.34,1.49,1.01,0.72,0.53,0.4,0.3,0.24,0.19,0.15,0.12,,0.1,0.08,,0.07,0.06,0.05,0.04,0.03,,,,,,,,,,,,,,,,,,,,,,,,,,,,,,,,,,,,,,,
#,17,109.833,,8.22,3.8,2.18,1.4,0.95,0.68,0.5,0.38,0.29,0.23,0.18,0.15,0.12,,0.1,0.08,,0.07,0.06,0.05,0.04,0.03,,,,,,,,,,,,,,,,,,,,,,,,,,,,,,,,,,,,,,,
#,18,111.48,,7.64,3.54,2.04,1.31,0.9,0.64,0.48,0.36,0.28,0.22,0.18,0.14,0.12,,0.1,0.08,,0.07,0.06,0.05,0.04,0.03,,,,,,,,,,,,,,,,,,,,,,,,,,,,,,,,,,,,,,,
#,19,113.152,,7.1,3.29,1.91,1.23,0.85,0.61,0.46,0.35,0.27,0.21,0.17,0.14,0.11,,0.09,0.08,,0.07,0.06,0.05,0.04,0.03,,,,,,,,,,,,,,,,,,,,,,,,,,,,,,,,,,,,,,,
#,20,114.85,,6.59,3.06,1.78,1.16,0.8,0.58,0.44,0.33,0.26,0.21,0.17,0.14,0.11,,0.09,0.08,,0.07,0.06,0.05,0.04,0.03,,,,,,,,,,,,,,,,,,,,,,,,,,,,,,,,,,,,,,,
#,21,116.572,,6.13,2.85,1.67,1.09,0.76,0.55,0.42,0.32,0.25,0.2,0.16,0.13,0.11,,0.09,0.08,,0.07,0.06,0.05,0.04,0.04,,,,,,,,,,,,,,,,,,,,,,,,,,,,,,,,,,,24.5,28.1995,,,
,,,,,,,,,,,,,,,,,,,,,,,,,,,,,,,,,,,,,,,,,,,,,,,,,,,,,,,,,,,,,,,,
#,,0,,500,1000,1500,2000,2500,3000,3500,4000,4500,5000,6000,7000,8000,,9000,10000,,11000,12000,13000,14000,15000,17000,20000,23000,26000,29000,32000,35000,38000,41000,44000,47000,50000,53000,,,,,,,,,,,,,,,,,,,,,,22.5,25.8975,,,
#,1,100,,7.418,2.461,1.074,0.539,0.295,0.172,0.105,0,0,0,0,0,0,,0,0,,0,0,0,0,0,0,0,0,0,0,0,0,0,0,0,0,0,0,,,,,,,,,,,,,,,,,,,,,,20,23.02,,,
#,2,100,,8.242,2.894,1.319,0.686,0.388,0.232,0.145,0.094,0,0,0,0,0,,0,0,,0,0,0,0,0,0,0,0,0,0,0,0,0,0,0,0,0,0,,,,,,,,,,,,,,,,,,,,,,20,23.02,,,
#,3,100,,9.604,3.623,1.742,0.948,0.557,0.346,0.224,0.149,0.102,0,0,0,0,,0,0,,0,0,0,0,0,0,0,0,0,0,0,0,0,0,0,0,0,0,,,,,,,,,,,,,,,,,,,,,,17.5,20.1425,,,
#,4,100,,10.474,4.175,2.093,1.178,0.714,0.455,0.302,0.206,0.145,0.103,0,0,0,,0,0,,0,0,0,0,0,0,0,0,0,0,0,0,0,0,0,0,0,0,,,,,,,,,,,,,,,,,,,,,,16,18.416,,,
#,5,100,,11.044,4.6,2.383,1.379,0.855,0.558,0.377,0.262,0.187,0.136,0.075,0,0,,0,0,,0,0,0,0,0,0,0,0,0,0,0,0,0,0,0,0,0,0,,,,,,,,,,,,,,,,,,,,,,14,16.114,,,
#,6,100,,11.616,5.015,2.668,1.579,0.999,0.663,0.455,0.322,0.233,0.171,0.097,0.058,0,,0,0,,0,0,0,0,0,0,0,0,0,0,0,0,0,0,0,0,0,0,,,,,,,,,,,,,,,,,,,,,,13,14.963,,,
#,7,100,,12.583,5.61,3.048,1.832,1.174,0.787,0.546,0.389,0.283,0.21,0.12,0.072,0.045,,0,0,,0,0,0,0,0,0,0,0,0,0,0,0,0,0,0,0,0,0,,,,,,,,,,,,,,,,,,,,,,3.85,4.43135,,,
#,8,100,,13.133,6.01,3.33,2.035,1.323,0.898,0.63,0.454,0.334,0.25,0.146,0.089,0.056,,0.037,0,,0,0,0,0,0,0,0,0,0,0,0,0,0,0,0,0,0,0,,,,,,,,,,,,,,,,,,,,,,3.6,4.1436,,,
#,9,100,,14.297,6.713,3.783,2.34,1.536,1.052,0.743,0.538,0.398,0.299,0.176,0.109,0.069,,0.045,0,,0,0,0,0,0,0,0,0,0,0,0,0,0,0,0,0,0,0,,,,,,,,,,,,,,,,,,,,,,3.45,3.97095,,,
#,10,100,,14.68,7.11,4.119,2.614,1.757,1.23,0.888,0.657,0.495,0.38,0.232,0.148,0.097,,0.066,0.045,,0.032,0,0,0,0,0,0,0,0,0,0,0,0,0,0,0,0,0,,,,,,,,,,,,,,,,,,,,,,3.3,3.7983,,,
#,11,100,,14.897,7.399,4.386,2.843,1.949,1.391,1.022,0.769,0.589,0.459,0.289,0.19,0.128,,0.089,0.063,,0.046,0.033,0,0,0,0,0,0,0,0,0,0,0,0,0,0,0,0,,,,,,,,,,,,,,,,,,,,,,3.15,3.62565,,,
#,12,100,,14.975,7.595,4.59,3.029,2.112,1.531,1.143,0.872,0.678,0.535,0.346,0.233,0.161,,0.115,0.083,,0.061,0.046,0.035,0,0,0,0,0,0,0,0,0,0,0,0,0,0,0,,,,,,,,,,,,,,,,,,,,,,3.1,3.5681,,,
#,13,100,,14.975,7.736,4.755,3.189,2.257,1.66,1.255,0.971,0.764,0.611,0.404,0.278,0.197,,0.142,0.105,,0.079,0.06,0.047,0.036,0,0,0,0,0,0,0,0,0,0,0,0,0,0,,,,,,,,,,,,,,,,,,,,,,3.05,3.51055,,,
#,14,100,,14.975,7.809,4.872,3.313,2.376,1.769,1.354,1.059,0.843,0.68,0.459,0.322,0.232,,0.171,0.129,,0.098,0.076,0.06,0.047,0.038,0,0,0,0,0,0,0,0,0,0,0,0,0,,,,,,,,,,,,,,,,,,,,,,3,3.453,,,
#,15,100,,14.975,7.824,4.946,3.404,2.47,1.859,1.438,1.136,0.913,0.744,0.511,0.364,0.267,,0.2,0.153,,0.118,0.093,0.074,0.059,0.048,0,0,0,0,0,0,0,0,0,0,0,0,0,,,,,,,,,,,,,,,,,,,,,,2.95,3.39545,,,
#,16,100,,14.975,7.824,4.982,3.467,2.542,1.932,1.508,1.202,0.975,0.801,0.559,0.405,0.301,,0.228,0.177,,0.139,0.11,0.089,0.072,0.059,0.041,0,0,0,0,0,0,0,0,0,0,0,0,,,,,,,,,,,,,,,,,,,9,0.775,0.891,0.34,0.306,,,
#,17,100,,14.975,7.824,4.982,3.492,2.584,1.981,1.559,1.253,1.023,0.847,0.6,0.44,0.331,,0.255,0.199,,0.158,0.127,0.103,0.085,0.07,0.049,0,0,0,0,0,0,0,0,0,0,0,0,,,,,,,,,,,,,,,,,,,10,1.060875,1.353,0.34,0.306,,,
#,18,100,,14.975,7.824,4.982,3.495,2.607,2.015,1.598,1.293,1.064,0.887,0.636,0.472,0.359,,0.279,0.221,,0.177,0.144,0.118,0.098,0.082,0.058,0,0,0,0,0,0,0,0,0,0,0,0,,,,,,,,,,,,,,,,,,,11,1.553227088,2.058,0.34,0.306,,,
#,19,100,,14.975,7.824,4.982,3.495,2.615,2.035,1.625,1.324,1.096,0.919,0.667,0.501,0.385,,0.302,0.242,,0.196,0.16,0.133,0.111,0.093,0.068,0.043,0,0,0,0,0,0,0,0,0,0,0,,,,,,,,,,,,,,,,,,,11,1.553227088,2.058,0.34,0.306,,,
#,20,100,,14.975,7.824,4.982,3.495,2.615,2.043,1.642,1.346,1.121,0.945,0.694,0.526,0.408,,0.324,0.261,,0.213,0.176,0.147,0.124,0.105,0.077,0.051,0,0,0,0,0,0,0,0,0,0,0,,,,,,,,,,,,,,,,,,,11,1.553227088,2.058,0.34,0.306,,,
#,21,100,,14.975,7.824,4.982,3.495,2.615,2.043,1.65,1.36,1.139,0.965,0.716,0.547,0.429,,0.343,0.279,,0.229,0.191,0.161,0.136,0.116,0.087,0.058,0.04,0,0,0,0,0,0,0,0,0,0,,,,,,,,,,,,,,,,,,,12,2.1998304,3.3,0.34,0.306,,,
#,,,,,,,,,,,,,,,,,,,,,,,,,,,,,,,,,,,,,,,,,,,,,,,,,,,,,,,,,13,3.029965088,4.848,0.34,0.306,,,
#,,,,,,,,,,,,,,,,,,,,,,,,,,,,,,,,,,,,,,,,,,,,,,,,,,,,,,,,,14,4.0754574,6.928,0.34,0.306,,,
#,,,Hit Chance (%),,,,16,,,,,,,,,,,,,,,,,,,,,,,,,,,,,,,,,,,,,,,,,,,,,,,,,,15,5.370679688,10.204,0.35,0.315,,,
#,,,Turrets,,,,4,,,,,,,,,,,,,,,,,,,,,,,,,,,,,,,,,,,,,,,,,,,,,,,,,,16,6.9525504,14.948,0.36,0.324,,,
#,,,Barrels,,,,2,,,,,,,,,,,,,,,,,,,,,,,,,,,,,,,,,,,,,,,,,,,,,,,,,,17,8.860534088,20.379,0.41,0.369,,,
#,,,Barrels Total,,,,8,,,,,,,,,,,,,,,,,,,,,,,,,,,,,,,,,,,,,,,,,,,,,,,,,,18,11.1366414,27.285,0.42,0.378,,,
#,,,Salvo Hit Chance (%),,,,75.2,,,,,,,,,,,,,,,,,,,,,,,,,,,,,,,,,,,,,,,,,,,,,,,,,,,,,0.43,0.387,,,
#,,,,,,,,,,,,,,,,,,,,,,,,,,,,,,,,,,,,,,,,,,,,,,,,,,,,,,,,,,,,0.44,0.396,,,
#,,,,,,,,,,,,,,,,,,,,,,,,,,,,,,,,,,,,,,,,,,,,,,,,,,,,,,,,,,,,0.45,0.405,,,
#,,,,,,,,,,,,,,,,,,,,,,,,,,,,,,,,,,,,,,,,,,,,,,,,,,,,,,,,,,,,0.46,0.414,,,
#,,,,,,,,,,,,,,,,,,,,,,,,,,,,,,,,,,,,,,,,,,,,,,,,,,,,,,,,,,,,0.47,0.423,,,
#,,,,,,,,,,,,,,,,,,,,,,,,,,,,,,,,,,,,,,,,,,,,,,,,,,,,,,,,,,,,0.48,0.432,,,
#,,,,,,,,,,,,,,,,,,,,,,,,,,,,,,,,,,,,,,,,,,,,,,,,,,,,,,,,,,,,0.5,0.45,,,
#,,,,,,,,,,,,,,,,,,,,,,,,,,,,,,,,,,,,,,,,,,,,,,,,,,,,,,,,,,,,0.52,0.468,,,
#,,,,,,,,,,,,,,,,,,,,,,,,,,,,,,,,,,,,,,,,,,,,,,,,,,,,,,,,,,,,,,,,
#,,,,,,,,,,,,,,,,,,,,,,,,,,,,,,,,,,,,,,,,,,,,,,,,,,,,,,,,,,,,,,,,
#,,,,,,,,,,,,,,,,,,,,,,,,,,,,,,,,,,,,,,,,,,,,,,,,,,,,,,,,,,,,,,,,
ironclad_virginia_5,5,10.948608,442.368,7.5,0,0.09,0.8,0.95,0.95,0.05,2,0.00082,0.59426376,19.2375,0.2,10,2.5,8.4,110,1.2,1.23,1.26075,1.29226875,1.324575469,1.74,1.827,1.91835,2.0142675,2.114980875,3,3.15,3.3075,3.472875,3.64651875,385,394.625,404.490625,414.6028906,424.9679629,"1,600","1,680","1,764","1,852","1,945","2,042",1,1.05,1.1,1.15,1.2,0.24,0.246,0.25215,0.25845375,0.2649150938,5950,15.725,17.612,0.87,1.74,0.234,0.468,6.75,20.925
ironclad_virginia_6,6,5.474304,221.184,10,1,0.11,0.95,1,1.15,0.05,3,0.00082,0.6255408,19.2375,0.3,10,3.6,10.157,105,1.451,1.487275,1.524456875,1.562568297,1.601632504,1.5,1.575,1.65375,1.7364375,1.823259375,4,4.2,4.41,4.6305,4.862025,377.3,386.7325,396.4008125,406.3108328,416.4686036,"1,900","1,995","2,095","2,199","2,309","2,425",1,1.05,1.1,1.15,1.2,0.24,0.246,0.25215,0.25845375,0.2649150938,6650,14.985,16.7832,0.75,1.5,0.222,0.444,6.75,20.925
ironclad_virginia_7,7,2.737152,110.592,11,4,0.14,1.25,1.15,0.65,0.1,1.1,0.00082,0.658464,19.2375,0.5,11.5,5.63,14.287,100,2.041,2.092025,2.144325625,2.197933766,2.25288211,1.38,1.449,1.52145,1.5975225,1.677398625,11,11.55,12.1275,12.733875,13.37056875,369.754,378.99785,388.4727963,398.1846162,408.1392316,"2,200","2,310","2,426","2,547","2,674","2,808",1,1.05,1.1,1.15,1.2,0.24,0.246,0.25215,0.25845375,0.2649150938,7350,14.5225,16.2652,0.69,1.38,0.216,0.432,6.75,20.925
ironclad_virginia_8,8,1.368576,55.296,13,9,0.18,1.5,1.3,0.55,0.05,0.9,0.00082,0.69312,19.2375,0.7,13.5,8.64,20.636,95,2.948,3.0217,3.0972425,3.174673563,3.254040402,1.16,1.218,1.2789,1.342845,1.40998725,22,23.1,24.255,25.46775,26.7411375,362.35892,371.417893,380.7033403,390.2209238,399.9764469,"2,500","2,625","2,756","2,894","3,039","3,191",1,1.05,1.1,1.15,1.2,0.24,0.246,0.25215,0.25845375,0.2649150938,8050,14.5225,16.2652,0.58,1.16,0.21,0.42,6.75,20.925
ironclad_virginia_9,9,0.684288,27.648,14,20,0.23,1.75,1.55,0.375,0.2,1,0.00082,0.7296,19.2375,0.95,13.5,10.93,28.574,90,4.082,4.18405,4.28865125,4.395867531,4.50576422,1.04,1.092,1.1466,1.20393,1.2641265,43,45.15,47.4075,49.777875,52.26676875,355.1117416,363.9895351,373.0892735,382.4165054,391.976918,"2,800","2,940","3,087","3,241","3,403","3,574",1,1.05,1.1,1.15,1.2,0.24,0.246,0.25215,0.25845375,0.2649150938,8750,15.2625,17.094,0.52,1.04,0.204,0.408,6.75,20.925
ironclad_virginia_10,10,0.57024,23.04,15,26,0.28,2.1,1.8,0.45,0.22,1.25,0.0007307685,0.768,3.6658125,1.4,13.5,13.5,38.101,85,5.443,5.579075,5.718551875,5.861515672,6.008053564,0.9,0.945,0.99225,1.0418625,1.093955625,54,56.7,59.535,62.51175,65.6373375,348.0095068,356.7097444,365.627488,374.7681752,384.1373796,"3,100","3,255","3,418","3,589","3,768","3,956",1,1.05,1.1,1.15,1.2,0.24,0.246,0.25215,0.25845375,0.2649150938,9450,14.8,16.576,0.45,0.9,0.384,0.768,1.28625,3.987375
ironclad_virginia_11,11,0.4752,19.2,16,33,0.35,2.3,2.2,0.475,0.275,1.35,0.0007307685,0.792,3.6658125,2.2,12,14.52,49.84,80,7.12,7.298,7.48045,7.66746125,7.859147781,0.82,0.861,0.90405,0.9492525,0.996715125,58,60.9,63.945,67.14225,70.4993625,342,350.55,359.31375,368.2965938,377.5040086,"3,400","3,570","3,749","3,936","4,133","4,339",1,1.05,1.1,1.15,1.2,0.24,0.246,0.25215,0.25845375,0.2649150938,10150,14.5225,16.2652,0.41,0.82,0.396,0.792,1.28625,3.987375
ironclad_virginia_12,12,0.396,16,17,42,0.4,2.5,2.5,0.5,0.3,1.4,0.0007307685,0.8,3.6658125,3.3,11,15.84,79.38,75,11.34,11.6235,11.9140875,12.21193969,12.51723818,0.68,0.714,0.7497,0.787185,0.82654425,80,82.8,85.698,88.69743,91.80184005,330,338.25,346.70625,355.3739063,364.2582539,"3,700","3,885","4,079","4,283","4,497","4,722",1,1.05,1.1,1.15,1.2,0.24,0.246,0.25215,0.25845375,0.2649150938,11550,13.875,15.54,0.34,0.68,0.408,0.3672,1.28625,3.6658125
#,,,,,,,,,,,,,,,,,,,75,,,,,,,,,,,,,,,,,,,,,,,,,,,,,,,,,,,,,,,,,,,,,
ironclad_monitor_5,5,13.934592,564.0192,7.5,0,0.09,0.8,0.95,0.95,0.05,2,0.00082,0.59426376,19.2375,0.2,11.75,2.93,8.4,110,1.2,1.23,1.26075,1.29226875,1.324575469,1.72,1.806,1.8963,1.991115,2.09067075,3.5,3.675,3.85875,4.0516875,4.254271875,385,394.625,404.490625,414.6028906,424.9679629,"1,600","1,680","1,764","1,852","1,945","2,042",1,1.05,1.1,1.15,1.2,0.25,0.25625,0.26265625,0.2692226563,0.2759532227,5950,15.725,17.612,0.86,1.72,0.234,0.468,6.75,20.925
ironclad_monitor_6,6,6.967296,282.0096,10,1,0.11,0.95,1,1.15,0.05,3,0.00082,0.6255408,19.2375,0.3,11.75,4.23,10.157,105,1.451,1.487275,1.524456875,1.562568297,1.601632504,1.48,1.554,1.6317,1.713285,1.79894925,4.3,4.515,4.74075,4.9777875,5.226676875,377.3,386.7325,396.4008125,406.3108328,416.4686036,"1,900","1,995","2,095","2,199","2,309","2,425",1,1.05,1.1,1.15,1.2,0.25,0.25625,0.26265625,0.2692226563,0.2759532227,6650,14.985,16.7832,0.74,1.48,0.222,0.444,6.75,20.925
ironclad_monitor_7,7,3.483648,141.0048,11,3,0.14,1.25,1.15,0.65,0.1,1.1,0.00082,0.658464,19.2375,0.5,11.75,5.75,14.287,100,2.041,2.092025,2.144325625,2.197933766,2.25288211,1.36,1.428,1.4994,1.57437,1.6530885,12,12.6,13.23,13.8915,14.586075,369.754,378.99785,388.4727963,398.1846162,408.1392316,"2,200","2,310","2,426","2,547","2,674","2,808",1,1.05,1.1,1.15,1.2,0.25,0.25625,0.26265625,0.2692226563,0.2759532227,7350,14.5225,16.2652,0.68,1.36,0.216,0.432,6.75,20.925
ironclad_monitor_8,8,1.741824,70.5024,13,7,0.18,1.5,1.3,0.55,0.05,0.9,0.00082,0.69312,19.2375,0.7,13.75,8.8,20.636,95,2.948,3.0217,3.0972425,3.174673563,3.254040402,1.14,1.197,1.25685,1.3196925,1.385677125,23.9,25.095,26.34975,27.6672375,29.05059938,362.35892,371.417893,380.7033403,390.2209238,399.9764469,"2,500","2,625","2,756","2,894","3,039","3,191",1,1.05,1.1,1.15,1.2,0.25,0.25625,0.26265625,0.2692226563,0.2759532227,8050,14.5225,16.2652,0.57,1.14,0.21,0.42,6.75,20.925
ironclad_monitor_9,9,0.870912,35.2512,14,16,0.23,1.75,1.55,0.375,0.2,1,0.00082,0.7296,19.2375,0.95,13.75,11.13,28.574,90,4.082,4.18405,4.28865125,4.395867531,4.50576422,1.02,1.071,1.12455,1.1807775,1.239816375,45,47.25,49.6125,52.093125,54.69778125,355.1117416,363.9895351,373.0892735,382.4165054,391.976918,"2,800","2,940","3,087","3,241","3,403","3,574",1,1.05,1.1,1.15,1.2,0.25,0.25625,0.26265625,0.2692226563,0.2759532227,8750,15.2625,17.094,0.51,1.02,0.204,0.408,6.75,20.925
ironclad_monitor_10,10,0.72576,29.376,15,20,0.28,2.1,1.8,0.45,0.22,1.25,0.0007307685,0.768,3.6658125,1.4,13.75,13.75,38.101,85,5.443,5.579075,5.718551875,5.861515672,6.008053564,0.88,0.924,0.9702,1.01871,1.0696455,56.2,59.01,61.9605,65.058525,68.31145125,348.0095068,356.7097444,365.627488,374.7681752,384.1373796,"3,100","3,255","3,418","3,589","3,768","3,956",1,1.05,1.1,1.15,1.2,0.25,0.25625,0.26265625,0.2692226563,0.2759532227,9450,14.8,16.576,0.44,0.88,0.384,0.768,1.28625,3.987375
ironclad_monitor_11,11,0.6048,24.48,16,26,0.35,2.3,2.2,0.475,0.275,1.35,0.0007307685,0.792,3.6658125,2.2,13.75,16.63,49.84,80,7.12,7.298,7.48045,7.66746125,7.859147781,0.8,0.84,0.882,0.9261,0.972405,61,64.05,67.2525,70.615125,74.14588125,342,350.55,359.31375,368.2965938,377.5040086,"3,400","3,570","3,749","3,936","4,133","4,339",1,1.05,1.1,1.15,1.2,0.25,0.25625,0.26265625,0.2692226563,0.2759532227,10150,14.5225,16.2652,0.4,0.8,0.396,0.792,1.28625,3.987375
ironclad_monitor_12,12,0.504,20.4,17,33,0.4,2.5,2.5,0.5,0.3,1.4,0.0007307685,0.8,3.6658125,3.3,12,17.28,79.38,75,11.34,11.6235,11.9140875,12.21193969,12.51723818,0.68,0.714,0.7497,0.787185,0.82654425,80,82.8,85.698,88.69743,91.80184005,330,338.25,346.70625,355.3739063,364.2582539,"3,700","3,885","4,079","4,283","4,497","4,722",1,1.05,1.1,1.15,1.2,0.25,0.25625,0.26265625,0.2692226563,0.2759532227,11550,13.875,15.54,0.34,0.68,0.408,0.3672,1.28625,3.6658125
ironclad_monitor_13,13,0.42,17,18,42,0.45,2.8,2.8,0.525,0.325,1.45,0.0007307685,0.8,3.6658125,3.3,10,16.9,87.5,75,12.5,12.8125,13.1328125,13.46113281,13.79766113,0.58,0.609,0.63945,0.6714225,0.704993625,100,103.5,107.1225,110.8717875,114.7523001,310,317.75,325.69375,333.8360938,342.1819961,"4,100","4,305","4,520","4,746","4,984","5,233",1,1.05,1.1,1.15,1.2,0.25,0.25625,0.26265625,0.2692226563,0.2759532227,11550,13.875,15.54,0.29,0.58,0.408,0.3672,1.28625,3.6658125
#,,,,,,,,,,,,,,,,,,,,,,,,,,,,,,,,,,,,,,,,,,,,,,,,,,,,,,,,,,,,,,,,
#,,,,,,,,,,,,,,,,,,,,,,,,,,,,,,,,,,,,,,,,,,,,,,,,,,,,,,,,,,,,,,,,
#,,,,,,,,,,,,,,,,,,,,,,,,,,,,,,,,,,,,,,,,,,,,,,,,,,,,,,,,,,,,,,,,
#,,,,,,,,,,,,,,,,,,,,,,,,,,,,,,,,,,,,,,,,,,,,,,,,,,,,,,,,,,,,,,,,
#,,,,,,,,,,,,,,,,,,,,,,,,,,,,,,,,,,,,,,,,,,,,,,,,,,,,,,,,,,,,,,,,
#,,,,,,,,,,,,,,,,,,,,,,,,,,,,,,,,,,,,,,,,,,,,,,,,,,,,,,,,,,,,,,,,
#,,,,,,,,,,,,,,,,,,,,,,,,,,,,,,,,,,,,,,,,,,,,,,,,,,,,,,,,,,,,,,,,
#,,,,,,,,,,,,,,,,,,,,,,,,,,,,,,,,,,,,,,,,,,,,,,,,,,,,,,,,,,,Firerate,,,,,
#,,,,,,,,,,,,,,,,,,,,,,,,,,,,,,,,,,,,,,,,,,,,,,,,,,,,,,,,,,,11,12,13,13.5,14,
#,,,,,,,,,,,,,,,,,,,,,,,,,,,,,,,,,,,,,,,,,,,,,,,,,,,,,,,,,,,9.72,10.692,11.34,11.988,12.636,
#,,,,,,,,,,,,,,,,,,,,,,,,,,,,,,,,,,,,,,,,,,,,,,,,,,,,,,,,,,,8.1,8.748,9.396,10.044,10.692,
#,,,,,,,,,,,,,,,,,,,,,,,,,,,,,,,,,,,,,,,,,,,,,,,,,,,,,,,,,,,4.896,5.8032,6.2568,6.7104,7.164,
#,,,,,,,,,,,,,,,,,,,,,,,,,,,,,,,,,,,,,,,,,,,,,,,,,,,,,,,,,,,3.51,3.87,4.275,4.95,5.49,
#,,,,,,,,,,,,,,,,,,,,,,,,,,,,,,,,,,,,,,,,,,,,,,,,,,,,,,,,,,,2.772,3.1185,3.7422,4.3659,4.815,
#,,,,,,,,,,,,,,,,,,,,,,,,,,,,,,,,,,,,,,,,,,,,,,,,,,,,,,,,,,,2.376,2.4948,2.80665,3.1185,3.43035,
#,,,,,,,,,,,,,,,,,,,,,,,,,,,,,,,,,,,,,,,,,,,,,,,,,,,,,,,,,,,1.9,2.151765,2.542995,2.803815,3.064635,
#,,,,,,,,,,,,,,,,,,,,,,,,,,,,,,,,,,,,,,,,,,,,,,,,,,,,,,,,,,,1.75,1.95615,2.282175,2.6082,2.86902,
#,,,,,,,,,,,,,,,,,,,,,,,,,,,,,,,,,,,,,,,,,,,,,,,,,,,,,,,,,,,1.5,1.70775,2.12175,2.3805,2.63925,
#,,,,,,,,,,,,,,,,,,,,,,,,,,,,,,,,,,,,,,,,,,,,,,,,,,,,,,,,,,,1.22259375,1.5,1.9,2.1,2.25,
#,,,,,,,,,,,,,,,,,,,,,,,,,,,,,,,,,,,,,,,,,,,,,,,,,,,,,,,,,,,0.965034,1.25,1.7,1.9665,2.1735,
#,,,,,,,,,,,,,,,,,,,,,,,,,,,,,,,,,,,,,,,,,,,,,,,,,,,,,,,,,,,0.79695,1.11573,1.5,1.656,1.863,
#,,,,,,,,,,,,,,,,,,,,,,,,,,,,,,,,,,,,,,,,,,,,,,,,,,,,,,,,,,,0.7107345,1.0266165,1.3424985,1.5525,1.7595,
#,,,,,,,,,,,,,,,,,,,,,,,,,,,,,,,,,,,,,,,,,,,,,,,,,,,,,,,,,,,0.65,0.9,1.25,1.4,1.6,
#,,,,,,,,,,,,,,,,,,,,,,,,,,,,,,,,,,,,,,,,,,,,,,,,,,,,,,,,,,,0.6,0.8,1.1,1.25,1.35,
#,,,,,,,,,,,,,,,,,,,,,,,,,,,,,,,,,,,,,,,,,,,,,,,,,,,,,,,,,,,0.55,0.7,0.85,0.95,1.05,
#,,,,,,,,,,,,,,,,,,,,,,,,,,,,,,,,,,,,,,,,,,,,,,,,,,,,,,,,,,,0.5,0.6,0.7,0.8,0.9,
#,,,,,,,,,,,,,,,,,,,,,,,,,,,,,,,,,,,,,,,,,,,,,,,,,,,,,,,,,,,0.45,0.5,0.6,0.66,0.72,
#,,,,,,,,,,,,,,,,,,,,,,,,,,,,,,,,,,,,,,,,,,,,,,,,,,,,,,,,,,,0.4,0.45,0.49,0.55,0.61,
#,,,,,,,,,,,,,,,,,,,,,,,,,,,,,,,,,,,,,,,,,,,,,,,,,,,,,,,,,,,0.35,0.4,0.44,0.5,0.55,
#,,,,,,,,,,,,,,,,,,,,,,,,,,,,,,,,,,,,,,,,,,,,,,,,,,,,,,,,,,,,,,,,
#,,,,,,,,,,,,,,,,,,,,,,,,,,,,,,,,,,,,,,,,,,,,,,,,,,,,,,,,,,,,,,,,
#,,,,,,,,,,,,,,,,,,,,,,,,,,,,,,,,,,,,,,,,,,,,,,,,,,,,,,,,,,,,,,,,
#,,,,,,,,,,,,,,,,,,,,,,,,,,,,,,,,,,,,,,,,,,,,,,,,,,,,,,,,,,,,,,,,
#,,,,,,,,,,,,,,,,,,,,,,,,,,,,,,,,,,,,,,,,,,,,,,,,,,,,,,,,,,,,,,,,
#,,,,,,,,,,,,,,,,,,,,,,,,,,,,,,,,,,,,,,,,,,,,,,,,,,,,,,,,,,,,,,,,
#,,,,,,,,,,,,,,,,,,,,,,,,,,,,,,,,,,,,,,,,,,,,,,,,,,,,,,,,,,,,,,,,
#,,,,,,,,,,,,,,,,,,,,,,,,,,,,,,,,,,,,,,,,,,,,,,,,,,,,,,,,,,,,,,,,
#,,,,,,,,,,,,,,,,,,,,,,,,,,,,,,,,,,,,,,,,,,,,,,,,,,,,,,,,,,,,,,,,
#,,,,,,,,,,,,,,,,,,,,,,,,,,,,,,,,,,,,,,,,,,,,,,,,,,,,,,,,,,,,,,,,
#,,,,,,,,,,,,,,,,,,,,,,,,,,,,,,,,,,,,,,,,,,,,,,,,,,,,,,,,,,,,,,,,
#,,,,,,,,,,,,,,,,,,,,,,,,,,,,,,,,,,,,,,,,,,,,,,,,,,,,,,,,,,,,,,,,
#,,,,,,,,,,,,,,,,,,,,,,,,,,,,,,,,,,,,,,,,,,,,,,,,,,,,,,,,,,,,,,,,
#,,,,,,,,,,,,,,,,,,,,,,,,,,,,,,,,,,,,,,,,,,,,,,,,,,,,,,,,,,,,,,,,
#,,,,,,,,,,,,,,,,,,,,,,,,,,,,,,,,,,,,,,,,,,,,,,,,,,,,,,,,,,,,,,,,
#,,,,,,,,,,,,,,,,,,,,,,,,,,,,,,,,,,,,,,,,,,,,,,,,,,,,,,,,,,,,,,,,
#,,,,,,,,,,,,,,,,,,,,,,,,,,,,,,,,,,,,,,,,,,,,,,,,,,,,,,,,,,,,,,,,
#,,,,,,,,,,,,,,,,,,,,,,,,,,,,,,,,,,,,,,,,,,,,,,,,,,,,,,,,,,,,,,,,
#,,,,,,,,,,,,,,,,,,,,,,,,,,,,,,,,,,,,,,,,,,,,,,,,,,,,,,,,,,,,,,,,
#,,,,,,,,,,,,,,,,,,,,,,,,,,,,,,,,,,,,,,,,,,,,,,,,,,,,,,,,,,,,,,,,
#,,,,,,,,,,,,,,,,,,,,,,,,,,,,,,,,,,,,,,,,,,,,,,,,,,,,,,,,,,,,,,,,
#,,,,,,,,,,,,,,,,,,,,,,,,,,,,,,,,,,,,,,,,,,,,,,,,,,,,,,,,,,,,,,,,
#,,,,,,,,,,,,,,,,,,,,,,,,,,,,,,,,,,,,,,,,,,,,,,,,,,,,,,,,,,,,,,,,
#,,,,,,,,,,,,,,,,,,,,,,,,,,,,,,,,,,,,,,,,,,,,,,,,,,,,,,,,,,,,,,,,
#,,,,,,,,,,,,,,,,,,,,,,,,,,,,,,,,,,,,,,,,,,,,,,,,,,,,,,,,,,,,,,,,
#,,,,,,,,,,,,,,,,,,,,,,,,,,,,,,,,,,,,,,,,,,,,,,,,,,,,,,,,,,,,,,,,
#,,,,,,,,,,,,,,,,,,,,,,,,,,,,,,,,,,,,,,,,,,,,,,,,,,,,,,,,,,,,,,,,
#,,,,,,,,,,,,,,,,,,,,,,,,,,,,,,,,,,,,,,,,,,,,,,,,,,,,,,,,,,,,,,,,
#,,,,,,,,,,,,,,,,,,,,,,,,,,,,,,,,,,,,,,,,,,,,,,,,,,,,,,,,,,,,,,,,
#,,,,,,,,,,,,,,,,,,,,,,,,,,,,,,,,,,,,,,,,,,,,,,,,,,,,,,,,,,,,,,,,
#,,,,,,,,,,,,,,,,,,,,,,,,,,,,,,,,,,,,,,,,,,,,,,,,,,,,,,,,,,,,,,,,
#,,,,,,,,,,,,,,,,,,,,,,,,,,,,,,,,,,,,,,,,,,,,,,,,,,,,,,,,,,,,,,,,
#,,,,,,,,,,,,,,,,,,,,,,,,,,,,,,,,,,,,,,,,,,,,,,,,,,,,,,,,,,,,,,,,
#,,,,,,,,,,,,,,,,,,,,,,,,,,,,,,,,,,,,,,,,,,,,,,,,,,,,,,,,,,,,,,,,
#,,,,,,,,,,,,,,,,,,,,,,,,,,,,,,,,,,,,,,,,,,,,,,,,,,,,,,,,,,,,,,,,
#,,,,,,,,,,,,,,,,,,,,,,,,,,,,,,,,,,,,,,,,,,,,,,,,,,,,,,,,,,,,,,,,
#,,,,,,,,,,,,,,,,,,,,,,,,,,,,,,,,,,,,,,,,,,,,,,,,,,,,,,,,,,,,,,,,
#,,,,,,,,,,,,,,,,,,,,,,,,,,,,,,,,,,,,,,,,,,,,,,,,,,,,,,,,,,,,,,,,
#,,,,,,,,,,,,,,,,,,,,,,,,,,,,,,,,,,,,,,,,,,,,,,,,,,,,,,,,,,,,,,,,
#,,,,,,,,,,,,,,,,,,,,,,,,,,,,,,,,,,,,,,,,,,,,,,,,,,,,,,,,,,,,,,,,
#,,,,,,,,,,,,,,,,,,,,,,,,,,,,,,,,,,,,,,,,,,,,,,,,,,,,,,,,,,,,,,,,
#,,,,,,,,,,,,,,,,,,,,,,,,,,,,,,,,,,,,,,,,,,,,,,,,,,,,,,,,,,,,,,,,
#,,,,,,,,,,,,,,,,,,,,,,,,,,,,,,,,,,,,,,,,,,,,,,,,,,,,,,,,,,,,,,,,
#,,,,,,,,,,,,,,,,,,,,,,,,,,,,,,,,,,,,,,,,,,,,,,,,,,,,,,,,,,,,,,,,
#,,,,,,,,,,,,,,,,,,,,,,,,,,,,,,,,,,,,,,,,,,,,,,,,,,,,,,,,,,,,,,,,
#,,,,,,,,,,,,,,,,,,,,,,,,,,,,,,,,,,,,,,,,,,,,,,,,,,,,,,,,,,,,,,,,
#,,,,,,,,,,,,,,,,,,,,,,,,,,,,,,,,,,,,,,,,,,,,,,,,,,,,,,,,,,,,,,,,
#,,,,,,,,,,,,,,,,,,,,,,,,,,,,,,,,,,,,,,,,,,,,,,,,,,,,,,,,,,,,,,,,
#,,,,,,,,,,,,,,,,,,,,,,,,,,,,,,,,,,,,,,,,,,,,,,,,,,,,,,,,,,,,,,,,
#,,,,,,,,,,,,,,,,,,,,,,,,,,,,,,,,,,,,,,,,,,,,,,,,,,,,,,,,,,,,,,,,
#,,,,,,,,,,,,,,,,,,,,,,,,,,,,,,,,,,,,,,,,,,,,,,,,,,,,,,,,,,,,,,,,
#,,,,,,,,,,,,,,,,,,,,,,,,,,,,,,,,,,,,,,,,,,,,,,,,,,,,,,,,,,,,,,,,
#,,,,,,,,,,,,,,,,,,,,,,,,,,,,,,,,,,,,,,,,,,,,,,,,,,,,,,,,,,,,,,,,
#,,,,,,,,,,,,,,,,,,,,,,,,,,,,,,,,,,,,,,,,,,,,,,,,,,,,,,,,,,,,,,,,
#,,,,,,,,,,,,,,,,,,,,,,,,,,,,,,,,,,,,,,,,,,,,,,,,,,,,,,,,,,,,,,,,
#,,,,,,,,,,,,,,,,,,,,,,,,,,,,,,,,,,,,,,,,,,,,,,,,,,,,,,,,,,,,,,,,
#,,,,,,,,,,,,,,,,,,,,,,,,,,,,,,,,,,,,,,,,,,,,,,,,,,,,,,,,,,,,,,,,
#,,,,,,,,,,,,,,,,,,,,,,,,,,,,,,,,,,,,,,,,,,,,,,,,,,,,,,,,,,,,,,,,
#,,,,,,,,,,,,,,,,,,,,,,,,,,,,,,,,,,,,,,,,,,,,,,,,,,,,,,,,,,,,,,,,
#,,,,,,,,,,,,,,,,,,,,,,,,,,,,,,,,,,,,,,,,,,,,,,,,,,,,,,,,,,,,,,,,
#,,,,,,,,,,,,,,,,,,,,,,,,,,,,,,,,,,,,,,,,,,,,,,,,,,,,,,,,,,,,,,,,
#,,,,,,,,,,,,,,,,,,,,,,,,,,,,,,,,,,,,,,,,,,,,,,,,,,,,,,,,,,,,,,,,
#,,,,,,,,,,,,,,,,,,,,,,,,,,,,,,,,,,,,,,,,,,,,,,,,,,,,,,,,,,,,,,,,
