#id (do not edit)                ,enabled / disabled,caliber in mm,sub-name,country override (several),ship type override (several),"model, grade N","scaling, grade N","scaling, grade N",,,,,,,,,,,,,,,,,,,,,,,,,,,,,,,,
@name,enabled,#mm,subName,countries,shipTypes,model_1,scale_1,max_scale_1,weight_modifier_1,caliber_length_modifier_1,model_2,scale_2,max_scale_2,weight_modifier_2,caliber_length_modifier_2,model_3,scale_3,max_scale_3,weight_modifier_3,caliber_length_modifier_3,model_4,scale_4,max_scale_4,weight_modifier_4,caliber_length_modifier_4,model_5,scale_5,max_scale_5,weight_modifier_5,caliber_length_modifier_5,#,#2,#3,#4,#5,#6,#7,#8,#9,#10
default,1,,,,,,-1,-1,1,40,,-1,-1,1,45,,-1,-1,1,45,,-1,-1,1,45,,-1,-1,1,50,,,,,,,,,,
###,,,###,,,,,,,,,,,,,,,,,,,,,,,,,,,,,,,,,,,,,
gun_2_x1_alt,,51,gun_2_x1_alt,,,small_gun_a_51_x1,1.75,1.9,0.92,50,small_gun_b_51_x1,1.75,1.9,0.92,50,richelieu_gun_120_x1,0.596,0.722,0.92,55,bofors_gun_40_x1,0.596,0.722,0.92,55,bofors_gun_40_x1,0.596,0.722,0.92,60,,,,,,,,,,
gun_2_x2_alt,,51,gun_2_x2_alt,,,massena_gun_138_x2,0.452,0.614,0.7,50,maine_gun_152_x2,0.504,0.698,0.7,50,richelieu_gun_120_x2,0.596,0.722,0.7,55,bofors_gun_40_x2,0.596,0.722,0.7,55,bofors_gun_40_x2,0.596,0.722,0.7,60,,,,,,,,,,
gun_2_x3_alt,,51,gun_2_x3_alt,,,maine_gun_152_x3,0.504,0.698,0.55,50,maine_gun_152_x3,0.504,0.698,0.55,50,richelieu_gun_120_x3,0.596,0.722,0.55,55,bofors_gun_40_x3,0.596,0.722,0.55,55,bofors_gun_40_x3,0.596,0.722,0.55,60,,,,,,,,,,
gun_2_x4_alt,,51,gun_2_x4_alt,,,pompom_gun_a_x4,1,1.09,0.5,50,pompom_gun_a_x4,1,1.09,0.5,50,pompom_gun_a_x4,1,1.09,0.5,55,pompom_gun_a_x4,1,1.09,0.5,55,pompom_gun_a_x4,1,1.09,0.5,60,,,,,,,,,,
gun_3_x1_alt,,76,gun_3_x1_alt,,,bouvet_gun_100_x1,0.92,1,1,45,cressy_gun_76_x1,1.445,1.63,1,50,vw_gun_120_x1,0.88,0.98,1,55,bofors_gun_40_x1,0.732,0.858,1,55,bofors_gun_40_x1,0.732,0.858,1,55,,,,,,,,,,
gun_3_x2_alt,,76,gun_3_x2_alt,,,massena_gun_138_x2,0.634,0.796,1.08,45,maine_gun_152_x2,0.718,0.912,1.08,50,ussr_gun_100_x2,0.4915,0.626,1.08,55,bofors_gun_40_x2,0.732,0.858,1.08,55,bofors_gun_40_x2,0.732,0.858,1.08,55,,,,,,,,,,
gun_3_x3_alt,,76,gun_3_x3_alt,,,maine_gun_152_x3,0.718,0.912,0.83,45,maine_gun_152_x3,0.718,0.912,0.83,50,ussr_gun_100_x3,0.4915,0.626,0.83,55,bofors_gun_40_x3,0.732,0.858,0.83,55,bofors_gun_40_x3,0.732,0.858,0.83,55,,,,,,,,,,
gun_3_x4_alt,,76,gun_3_x4_alt,,,pompom_gun_a_x4,1.1,1.19,0.74,45,pompom_gun_a_x4,1.1,1.19,0.74,50,pompom_gun_a_x4,1.1,1.19,0.74,55,pompom_gun_a_x4,1.1,1.19,0.74,55,pompom_gun_a_x4,1.1,1.19,0.74,55,,,,,,,,,,
gun_4_x1_alt,,102,gun_4_x1_alt,,,bouvet_gun_100_x1,1.02,1.1,1.1,45,cressy_gun_76_x1,1.64,1.825,1.1,50,vw_gun_120_x1,1,1.1,1.1,55,vw_gun_120_x1,1,1.1,1.1,55,vw_gun_120_x1,1,1.1,1.1,55,,,,,,,,,,
gun_4_x2_alt,,102,gun_4_x2_alt,,,massena_gun_138_x2,0.816,0.978,1.28,45,pen_gun_127_x2,1.06,1.285,1.28,50,pola_gun_100_x2,0.868,0.994,1.28,55,qe_gun_114_x2,0.868,0.994,1.28,55,qe_gun_114_x2,0.868,0.994,1.28,55,,,,,,,,,,
gun_4_x3_alt,,102,gun_4_x3_alt,,,maine_gun_152_x3,0.932,1.126,1,45,pen_gun_127_x3,1.06,1.285,1,50,pola_gun_100_x3,0.868,0.994,1,55,qe_gun_114_x3,0.868,0.994,1,55,qe_gun_114_x3,0.868,0.994,1,55,,,,,,,,,,
gun_5_x1_alt,,127,gun_5_x1_alt,,,brandenburg_gun_102_x1,1.1895,1.325,0.85,45,dd_s_gun_d_102_x1,1.2,1.34,0.85,50,dd_s_gun_c_102_x1,1.45,1.57,0.85,55,dd_s_gun_b_102_x1,1.45,1.57,0.85,55,akizuki_gun_b_127_x1,0.8005,0.935,0.85,55,,,,,,,,,,
gun_5_x2_alt,,127,gun_5_x2_alt,,,tsesarevich_gun_152_x2,0.8005,0.935,0.95,45,maine_gun_152_x2,1.186,1.34,0.95,50,dreadnought_gun_178_x2,1.004,1.13,0.95,55,bismarck_gun_150_x2,0.8005,0.935,0.95,55,richelieu_gun_152_x2,0.551,0.651,0.95,55,,,,,,,,,,
gun_5_x3_alt,,127,gun_5_x3_alt,,,tsesarevich_gun_152_x3,0.8005,0.935,0.75,45,maine_gun_152_x3,1.186,1.34,0.75,50,dreadnought_gun_178_x3,1.004,1.13,0.75,55,bismarck_gun_150_x3,0.8005,0.935,0.75,55,richelieu_gun_152_x3,0.551,0.651,0.75,55,,,,,,,,,,
gun_6_x1_alt,,152,gun_6_x1_alt,,,brandenburg_gun_102_x1,1.345,1.4805,0.75,45,dd_s_gun_d_102_x1,1.345,1.4805,0.75,45,dd_s_gun_d_102_x1,1.345,1.4805,0.75,50,hood_gun_140_x1,1.14,1.266,0.75,50,akizuki_gun_b_127_x1,0.955,1.0895,0.75,,,,,,,,,,,
gun_6_x2_alt,,152,gun_6_x2_alt,,,maine_gun_152_x2,1.36,1.554,0.86,45,dreadnought_gun_178_x2,1.14,1.266,0.86,,nelson_gun_b_152_x2,0.918,1.0262,0.86,50,bismarck_gun_150_x2,0.955,1.0895,0.86,50,richelieu_gun_152_x2,0.66,0.76,0.86,,,,,,,,,,,
gun_6_x3_alt,,152,gun_6_x3_alt,,,maine_gun_152_x3,1.36,1.554,0.66,45,dreadnought_gun_178_x3,1.14,1.266,0.66,,nelson_gun_152b_x3,0.918,1.0262,0.66,50,bismarck_gun_150_x3,0.955,1.0895,0.66,50,richelieu_gun_152_x3,0.66,0.76,0.66,,,,,,,,,,,
gun_7_x2_alt,,178,gun_7_x2_alt,,,ny_gun_210_x2,1.1095,1.244,0.9,45,dreadnought_gun_178_x2,1.276,1.402,0.9,,nelson_gun_b_152_x2,1.0362,1.1444,0.9,50,mont_gun_152b_x2,1.057,1.167,0.9,50,litt_gun_152a_x2,0.838,0.946,0.9,,,,,,,,,,,
gun_7_x3_alt,,178,gun_7_x3_alt,,,ny_gun_210_x3,1.1095,1.244,0.705,45,dreadnought_gun_178_x3,1.276,1.402,0.705,,nelson_gun_152b_x3,1.0362,1.1444,0.705,50,mont_gun_152b_x3,1.057,1.167,0.705,50,litt_gun_152a_x3,0.838,0.946,0.705,,,,,,,,,,,
gun_8_x2_alt,,203,gun_8_x2_alt,,,ny_gun_210_x2,1.264,1.3985,0.88,45,agamemnon_gun_b_228_x2,1.412,1.538,0.88,,nelson_gun_b_152_x2,1.1544,1.2626,0.88,50,mont_gun_152b_x2,1.184,1.294,0.88,50,litt_gun_152a_x2,0.956,1.064,0.88,,,,,,,,,,,
gun_8_x3_alt,,203,gun_8_x3_alt,,,ny_gun_210_x3,1.264,1.3985,0.69,45,agamemnon_gun_b_228_x3,1.412,1.538,0.69,,nelson_gun_152b_x3,1.1544,1.2626,0.69,50,mont_gun_152b_x3,1.184,1.294,0.69,50,litt_gun_152a_x3,0.956,1.064,0.69,,,,,,,,,,,
gun_9_x2_alt,,229,gun_9_x2_alt,,,ny_gun_210_x2,1.4185,1.553,0.82,,agamemnon_gun_b_228_x2,1.548,1.674,0.82,,nelson_gun_b_152_x2,1.2726,1.3808,0.82,,mont_gun_152b_x2,1.311,1.421,0.82,50,bismarck_gun_380_x2,0.6125,0.665,0.82,,,,,,,,,,,
gun_9_x3_alt,,229,gun_9_x3_alt,,,ny_gun_210_x3,1.4185,1.553,0.64,,agamemnon_gun_b_228_x3,1.548,1.674,0.64,,nelson_gun_152b_x3,1.2726,1.3808,0.64,,mont_gun_152b_x3,1.311,1.421,0.64,50,bismarck_gun_380_x3,0.6125,0.665,0.64,,,,,,,,,,,
gun_10_x2_alt,,254,gun_10_x2_alt,,,maine_gun_254_x2_a,1.07,1.165,0.9,,vdt_gun_280_x2,0.9404,1.0195,0.9,,spee_gun_280_x2_a,0.8362,0.9035,0.9,,trento_gun_203_x2,1.238,1.355,0.9,50,bismarck_gun_380_x2,0.675,0.7275,0.9,,,,,,,,,,,
gun_10_x3_alt,,254,gun_10_x3_alt,,,maine_gun_254_x3_a,1.07,1.165,0.68,,vdt_gun_280_x3,0.9404,1.0195,0.68,,spee_gun_280_x3_a,0.8362,0.9035,0.68,,trento_gun_203_x3,1.238,1.355,0.68,50,bismarck_gun_380_x3,0.675,0.7275,0.68,,,,,,,,,,,
gun_11_x2_alt,,279,gun_11_x2_alt,,,maine_gun_254_x2_a,1.175,1.27,0.82,,vdt_gun_280_x2,1.0295,1.1086,0.82,,spee_gun_280_x2_a,0.9135,0.9808,0.82,,trento_gun_203_x2,1.365,1.482,0.82,50,bismarck_gun_380_x2,0.7375,0.79,0.82,,,,,,,,,,,
gun_11_x3_alt,,279,gun_11_x3_alt,,,maine_gun_254_x3_a,1.175,1.27,0.66,,vdt_gun_280_x3,1.0295,1.1086,0.66,,spee_gun_280_x3_a,0.9135,0.9808,0.66,,trento_gun_203_x3,1.365,1.482,0.66,50,bismarck_gun_380_x3,0.7375,0.79,0.66,,,,,,,,,,,
gun_12_x2_alt,,305,gun_12_x2_alt,,,agamemnon_gun_b_305_x2,1.136,1.217,0.82,,dreadnought_gun_305_x2,1.136,1.217,0.82,,spee_gun_280_x2_a,0.9908,1.0581,0.82,,trento_gun_203_x2,1.492,1.609,0.82,,bismarck_gun_380_x2,0.8,0.8525,0.82,,,,,,,,,,,
gun_12_x3_alt,,305,gun_12_x3_alt,,,agamemnon_gun_b_305_x3,1.136,1.217,0.66,,dreadnought_gun_305_x3,1.136,1.217,0.66,,spee_gun_280_x3_a,0.9908,1.0581,0.66,,trento_gun_203_x3,1.492,1.609,0.66,,bismarck_gun_380_x3,0.8,0.8525,0.66,,,,,,,,,,,
gun_13_x2_alt,,330,gun_13_x2_alt,,,agamemnon_gun_b_305_x2,1.227,1.308,0.88,,dreadnought_gun_305_x2,1.227,1.308,0.88,,hood_gun_380_x2,0.8954,0.9586,0.88,,bismarck_gun_380_short_x2,0.9928,1.0519,0.88,,iowa_gun_406_x2,0.745,0.79,0.88,,,,,,,,,,,
gun_13_x3_alt,,330,gun_13_x3_alt,,,agamemnon_gun_b_305_x3,1.227,1.308,0.705,,dreadnought_gun_305_x3,1.227,1.308,0.705,,hood_gun_380_x3,0.8954,0.9586,0.705,,bismarck_gun_380_short_x3,0.9928,1.0519,0.705,,iowa_gun_406_x3,0.745,0.79,0.705,,,,,,,,,,,
gun_14_x2_alt,,356,gun_14_x2_alt,,,agamemnon_gun_b_305_x2,1.318,1.399,0.88,,dreadnought_gun_305_x2,1.318,1.399,0.88,,hood_gun_380_x2,0.9636,1.0268,0.88,,bismarck_gun_380_short_x2,1.0619,1.121,0.88,,iowa_gun_406_x2,0.795,0.84,0.88,,,,,,,,,,,
gun_14_x3_alt,,356,gun_14_x3_alt,,,agamemnon_gun_b_305_x3,1.318,1.399,0.705,,dreadnought_gun_305_x3,1.318,1.399,0.705,,hood_gun_380_x3,0.9636,1.0268,0.705,,bismarck_gun_380_short_x3,1.0619,1.121,0.705,,iowa_gun_406_x3,0.795,0.84,0.705,,,,,,,,,,,
gun_15_x2_alt,,381,gun_15_x2_alt,,,agamemnon_gun_b_305_x2,1.409,1.49,0.9,,dreadnought_gun_305_x2,1.409,1.49,0.9,,hood_gun_380_x2,1.0318,1.095,0.9,,bismarck_gun_380_short_x2,1.131,1.1901,0.9,,iowa_gun_406_x2,0.845,0.89,0.9,,,,,,,,,,,
gun_15_x3_alt,,381,gun_15_x3_alt,,,agamemnon_gun_b_305_x3,1.409,1.49,0.72,,dreadnought_gun_305_x3,1.409,1.49,0.72,,hood_gun_380_x3,1.0318,1.095,0.72,,bismarck_gun_380_short_x3,1.131,1.1901,0.72,,iowa_gun_406_x3,0.845,0.89,0.72,,,,,,,,,,,
gun_16_x2_alt,,406,gun_16_x2_alt,,,agamemnon_gun_b_305_x2,1.5,1.581,0.93,,dreadnought_gun_305_x2,1.5,1.581,0.93,,hood_gun_380_x2,1.1,1.1632,0.93,,bismarck_gun_380_short_x2,1.2001,1.2592,0.93,,iowa_gun_406_x2,0.895,0.94,0.93,,,,,,,,,,,
gun_16_x3_alt,,406,gun_16_x3_alt,,,agamemnon_gun_b_305_x3,1.5,1.581,0.75,,dreadnought_gun_305_x3,1.5,1.581,0.75,,hood_gun_380_x3,1.1,1.1632,0.75,,bismarck_gun_380_short_x3,1.2001,1.2592,0.75,,iowa_gun_406_x3,0.895,0.94,0.75,,,,,,,,,,,
gun_17_x2_alt,,432,gun_17_x2_alt,,,agamemnon_gun_b_305_x2,1.591,1.672,0.95,,nelson_gun_406_x2,1.1682,1.2314,0.95,,litt_gun_381_x2,1.1682,1.2314,0.95,,kgeorge_gun_380_x2_b,1.1125,1.165,0.95,,yamato_gun_b_460_x2,0.945,0.99,0.95,,,,,,,,,,,
gun_17_x3_alt,,432,gun_17_x3_alt,,,agamemnon_gun_b_305_x3,1.591,1.672,0.775,,nelson_gun_406_x3,1.1682,1.2314,0.775,,litt_gun_381_x3,1.1682,1.2314,0.775,,kgeorge_gun_380_x3_c,1.1125,1.165,0.775,,yamato_gun_b_460_x3,0.945,0.99,0.775,,,,,,,,,,,
gun_18_x2_alt,,457,gun_18_x2_alt,,,agamemnon_gun_b_305_x2,1.682,1.763,0.985,,nelson_gun_406_x2,1.2364,1.2996,0.985,,litt_gun_381_x2,1.2364,1.2996,0.985,,kgeorge_gun_380_x2_b,1.175,1.2275,0.985,,yamato_gun_b_460_x2,0.995,1.04,0.985,,,,,,,,,,,
gun_18_x3_alt,,457,gun_18_x3_alt,,,agamemnon_gun_b_305_x3,1.682,1.763,0.81,,nelson_gun_406_x3,1.2364,1.2996,0.81,,litt_gun_381_x3,1.2364,1.2996,0.81,,kgeorge_gun_380_x3_c,1.175,1.2275,0.81,,yamato_gun_b_460_x3,0.995,1.04,0.81,,,,,,,,,,,
gun_19_x2_alt,,483,gun_19_x2_alt,,,agamemnon_gun_b_305_x2,1.773,1.854,0.95,40,nelson_gun_406_x2,1.3046,1.3678,0.95,45,litt_gun_381_x2,1.3046,1.3678,0.95,45,kgeorge_gun_380_x2_b,1.2375,1.29,0.95,45,yamato_gun_b_460_x2,1.045,1.09,0.95,50,,,,,,,,,,
gun_19_x3_alt,,483,gun_19_x3_alt,,,agamemnon_gun_b_305_x3,1.773,1.854,0.78,40,nelson_gun_406_x3,1.3046,1.3678,0.78,45,litt_gun_381_x3,1.3046,1.3678,0.78,45,kgeorge_gun_380_x3_c,1.2375,1.29,0.78,45,yamato_gun_b_460_x3,1.045,1.09,0.78,50,,,,,,,,,,
gun_20_x2_alt,,508,gun_20_x2_alt,,,agamemnon_gun_b_305_x2,1.864,1.945,0.85,40,nelson_gun_406_x2,1.3728,1.436,0.85,45,litt_gun_381_x2,1.3728,1.436,0.85,45,kgeorge_gun_380_x2_b,1.3,1.3525,0.85,45,yamato_gun_b_460_x2,1.095,1.14,0.85,50,,,,,,,,,,
gun_20_x3_alt,,508,gun_20_x3_alt,,,agamemnon_gun_b_305_x3,1.864,1.945,0.7,40,nelson_gun_406_x3,1.3728,1.436,0.7,45,litt_gun_381_x3,1.3728,1.436,0.7,45,kgeorge_gun_380_x3_c,1.3,1.3525,0.7,45,yamato_gun_b_460_x3,1.095,1.14,0.7,50,,,,,,,,,,
###,,,###,,,,,,,,,,,,,,,,,,,,,,,,,,,,,,,,,,,,,
gun_2_x1_alt_germany,,51,gun_2_x1_alt,germany,,small_gun_f_51_x1,1.75,1.9,0.92,50,small_gun_g_51_x1,1.75,1.9,0.92,50,,,,0.92,55,,,,0.92,55,iowa_gun_127_x1,0.81,0.91,0.92,60,,,,,,,,,,
gun_2_x2_alt_germany,,51,gun_2_x2_alt,germany,,,,,0.7,50,,,,0.7,50,,,,0.7,55,,,,0.7,55,iowa_gun_127_x2,0.81,0.91,0.7,60,,,,,,,,,,
gun_2_x3_alt_germany,,51,gun_2_x3_alt,germany,,,,,0.55,50,,,,0.55,50,,,,0.55,55,,,,0.55,55,iowa_gun_127_x3,0.81,0.91,0.55,60,,,,,,,,,,
gun_2_x4_alt_germany,,51,gun_2_x4_alt,germany,,,,,0.5,50,,,,0.5,50,,,,0.5,55,,,,0.5,55,,,,0.5,60,,,,,,,,,,
gun_3_x1_alt_germany,,76,gun_3_x1_alt,germany,,,,,1,45,vw_gun_120_x1,0.9,1,1,50,vw_gun_120_x1,0.9,1,1,55,vw_gun_120_x1,0.9,1,1,55,vw_gun_120_x1,0.9,1,1,55,,,,,,,,,,
gun_3_x2_alt_germany,,76,gun_3_x2_alt,germany,,,,,1.08,45,vdt_gun_200_x2,0.6668,0.7668,1.08,50,spee_gun_150_x2,0.744,0.87,1.08,55,spee_gun_150_x2,0.744,0.87,1.08,55,spee_gun_150_x2,0.835,0.945,1.08,55,,,,,,,,,,
gun_3_x3_alt_germany,,76,gun_3_x3_alt,germany,,,,,0.83,45,,,,0.83,50,spee_gun_150_x3,0.744,0.87,0.83,55,spee_gun_150_x3,0.744,0.87,0.83,55,spee_gun_150_x3,0.835,0.945,0.83,55,,,,,,,,,,
gun_3_x4_alt_germany,,76,gun_3_x4_alt,germany,,,,,0.74,45,,,,0.74,50,,,,0.74,55,,,,0.74,55,,,,0.74,55,,,,,,,,,,
gun_4_x1_alt_germany,,102,gun_4_x1_alt,germany,,,,,1.1,45,vw_gun_120_x1,1,1.1,1.1,50,vw_gun_120_x1,1,1.1,1.1,55,vw_gun_120_x1,1,1.1,1.1,55,vw_gun_120_x1,1,1.1,1.1,55,,,,,,,,,,
gun_4_x2_alt_germany,,102,gun_4_x2_alt,germany,,,,,1.28,45,vdt_gun_200_x2,0.7632,0.8632,1.28,50,spee_gun_150_x2,0.874,1,1.28,55,spee_gun_150_x2,0.874,1,1.28,55,spee_gun_150_x2,0.874,1,1.28,55,,,,,,,,,,
gun_4_x3_alt_germany,,102,gun_4_x3_alt,germany,,,,,1,45,,,,1,50,spee_gun_150_x3,0.874,1,1,55,spee_gun_150_x3,0.874,1,1,55,spee_gun_150_x3,0.874,1,1,55,,,,,,,,,,
gun_5_x1_alt_germany_cl,,127,gun_5_x1_alt,germany,cl,,,,0.85,45,vw_gun_120_x1,1.1,1.2,0.85,50,vw_gun_120_x1,1.1,1.2,0.85,55,vw_gun_120_x1,1.1,1.2,0.85,55,spee_gun_150_x1,1.004,1.13,0.85,55,,,,,,,,,,
gun_5_x2_alt_germany_cl,,127,gun_5_x2_alt,germany,cl,,,,0.95,45,vdt_gun_200_x2,0.8746,0.9746,0.95,50,bismarck_gun_b_150_x2,0.8005,0.935,0.95,55,bismarck_gun_150_x2,0.8005,0.935,0.95,55,bismarck_gun_b_150_x2,0.8005,0.935,0.95,55,,,,,,,,,,
gun_5_x3_alt_germany_cl,,127,gun_5_x3_alt,germany,cl,,,,0.75,45,,,,0.75,50,bismarck_gun_b_150_x3,0.8005,0.935,0.75,55,bismarck_gun_150_x3,0.8005,0.935,0.75,55,bismarck_gun_b_150_x3,0.8005,0.935,0.75,55,,,,,,,,,,
gun_5_x1_alt_germany,,127,gun_5_x1_alt,germany,"tb, dd, ca, bc, bb",,,,0.85,45,vw_gun_120_x1,1.1,1.2,0.85,50,vw_gun_120_x1,1.1,1.2,0.85,55,vw_gun_120_x1,1.1,1.2,0.85,55,spee_gun_150_x1,1.004,1.13,0.85,55,,,,,,,,,,
gun_5_x2_alt_germany,,127,gun_5_x2_alt,germany,"tb, dd, ca, bc, bb",,,,0.95,45,vdt_gun_200_x2,0.8746,0.9746,0.95,50,nelson_gun_b_152_x2,0.7998,0.908,0.95,55,nelson_gun_b_152_x2,0.7998,0.908,0.95,55,bismarck_gun_b_150_x2,0.8005,0.935,0.95,55,,,,,,,,,,
gun_5_x3_alt_germany,,127,gun_5_x3_alt,germany,"tb, dd, ca, bc, bb",,,,0.75,45,,,,0.75,50,bismarck_gun_b_150_x3,0.8005,0.935,0.75,55,bismarck_gun_150_x3,0.8005,0.935,0.75,55,bismarck_gun_b_150_x3,0.8005,0.935,0.75,55,,,,,,,,,,
gun_6_x1_alt_germany,,151,gun_6_x1_alt,germany,,,,,0.75,45,,,,0.75,,,,,0.75,50,,,,0.75,50,,,,0.75,,,,,,,,,,,
gun_6_x2_alt_germany,,152,gun_6_x2_alt,germany,,,,,0.86,45,vdt_gun_200_x2,0.986,1.086,0.86,,nelson_gun_b_152_x2,0.918,1.0262,0.86,50,nelson_gun_b_152_x2,0.918,1.0262,0.86,50,bismarck_gun_b_150_x2,0.955,1.0895,0.86,,,,,,,,,,,
gun_6_x3_alt_germany,,152,gun_6_x3_alt,germany,,,,,0.66,45,,,,0.66,,bismarck_gun_150_x3,0.955,1.0895,0.66,50,bismarck_gun_150_x3,0.955,1.0895,0.66,50,bismarck_gun_b_150_x3,0.955,1.0895,0.66,,,,,,,,,,,
gun_7_x2_alt_germany,,178,gun_7_x2_alt,germany,,,,,0.9,45,vdt_gun_200_x2,1.0974,1.1974,0.9,,nelson_gun_b_152_x2,1.0362,1.1444,0.9,50,nelson_gun_b_152_x2,1.0362,1.1444,0.9,50,bismarck_gun_b_150_x2,1.1095,1.244,0.9,,,,,,,,,,,
gun_7_x3_alt_germany,,178,gun_7_x3_alt,germany,,,,,0.705,45,,,,0.705,,bismarck_gun_150_x3,1.1095,1.244,0.705,50,bismarck_gun_150_x3,1.1095,1.244,0.705,50,bismarck_gun_b_150_x3,1.1095,1.244,0.705,,,,,,,,,,,
gun_8_x2_alt_germany,,203,gun_8_x2_alt,germany,,,,,0.88,45,vdt_gun_280_x2,0.7622,0.8413,0.88,,spee_gun_280_x2_a,0.6816,0.7489,0.88,50,bismarck_gun_380_short_x2,0.6473,0.7064,0.88,50,spee_gun_280_x2_a,0.6816,0.7489,0.88,,,,,,,,,,,
gun_8_x3_alt_germany,,203,gun_8_x3_alt,germany,,,,,0.69,45,,,,0.69,,spee_gun_280_x3_a,0.6816,0.7489,0.69,50,bismarck_gun_380_short_x3,0.6473,0.7064,0.69,50,bismarck_gun_380_x3,0.5912,0.6448,0.69,,,,,,,,,,,
gun_9_x2_alt_germany,,229,gun_9_x2_alt,germany,,brandenburg_gun_279_x2,0.888,0.969,0.82,,vdt_gun_280_x2,0.8513,0.9304,0.82,,spee_gun_280_x2_a,0.7589,0.8262,0.82,,bismarck_gun_380_short_x2,0.7164,0.7755,0.82,50,spee_gun_280_x2_a,0.7589,0.8262,0.82,,,,,,,,,,,
gun_9_x3_alt_germany,,229,gun_9_x3_alt,germany,,brandenburg_gun_279_x3,0.888,0.969,0.64,,,,,0.64,,spee_gun_280_x3_a,0.7589,0.8262,0.64,,bismarck_gun_380_short_x3,0.7164,0.7755,0.64,50,bismarck_gun_380_x3,0.6548,0.7084,0.64,,,,,,,,,,,
gun_10_x2_alt_germany,,254,gun_10_x2_alt,germany,,friedrich_gun_228_x2,0.9958,1.074,0.9,,vdt_gun_200_x2,1.4316,1.5316,0.9,,spee_gun_280_x2_a,0.8362,0.9035,0.9,,bismarck_gun_380_short_x2,0.7855,0.8446,0.9,50,spee_gun_var_280_x2,0.8362,0.9035,0.9,,,,,,,,,,,
gun_10_x3_alt_germany,,254,gun_10_x3_alt,germany,,friedrich_gun_228_x3,0.9958,1.074,0.68,,,,,0.68,,spee_gun_280_x3_a,0.8362,0.9035,0.68,,bismarck_gun_380_short_x3,0.7855,0.8446,0.68,50,spee_gun_var_280_x3,0.8362,0.9035,0.68,,,,,,,,,,,
gun_11_x2_alt_germany,,279,gun_11_x2_alt,germany,,friedrich_gun_228_x2,1.084,1.1622,0.82,,vdt_gun_200_x2,1.543,1.643,0.82,,spee_gun_280_x2_a,0.9135,0.9808,0.82,,bismarck_gun_380_short_x2,0.8546,0.9137,0.82,50,spee_gun_280_x2_a,0.9135,0.9808,0.82,,,,,,,,,,,
gun_11_x3_alt_germany,,279,gun_11_x3_alt,germany,,friedrich_gun_228_x3,1.084,1.1622,0.66,,,,,0.66,,spee_gun_280_x3_a,0.9135,0.9808,0.66,,bismarck_gun_380_short_x3,0.8546,0.9137,0.66,50,bismarck_gun_380_x3,0.782,0.8356,0.66,,,,,,,,,,,
gun_12_x2_alt_germany,,305,gun_12_x2_alt,germany,,brandenburg_gun_279_x2,1.161,1.242,0.82,,vdt_gun_200_x2,1.6544,1.7544,0.82,,mackensen_gun_350_x2,0.9908,1.0581,0.82,,bismarck_gun_380_short_x2,0.9237,0.9828,0.82,45,spee_gun_280_x2_a,0.9908,1.0581,0.82,,,,,,,,,,,
gun_12_x3_alt_germany,,305,gun_12_x3_alt,germany,,brandenburg_gun_279_x3,1.161,1.242,0.66,,teg_gun_305_x3,1.1186,1.1977,0.66,,spee_gun_280_x3_a,0.9908,1.0581,0.66,,bismarck_gun_380_short_x3,0.9237,0.9828,0.66,45,bismarck_gun_380_x3,0.8456,0.8992,0.66,,,,,,,,,,,
gun_13_x2_alt_germany,,330,gun_13_x2_alt,germany,,brandenburg_gun_279_x2,1.252,1.333,0.88,,mackensen_gun_350_x2,1.0681,1.1354,0.88,,mackensen_gun_350_x2,1.0681,1.1354,0.88,,bismarck_gun_380_short_x2,0.9928,1.0519,0.88,45,spee_gun_280_x2_a,1.0681,1.1354,0.88,,,,,,,,,,,
gun_13_x3_alt_germany,,330,gun_13_x3_alt,germany,,brandenburg_gun_279_x3,1.252,1.333,0.705,,teg_gun_305_x3,1.2077,1.2868,0.705,,spee_gun_280_x3_a,1.0681,1.1354,0.705,,bismarck_gun_380_short_x3,0.9928,1.0519,0.705,45,bismarck_gun_380_x3,0.9092,0.9628,0.705,,,,,,,,,,,
gun_14_x2_alt_germany,,356,gun_14_x2_alt,germany,,brandenburg_gun_279_x2,1.343,1.424,0.88,,mackensen_gun_350_x2,1.1454,1.2127,0.88,,mackensen_gun_350_x2,1.1454,1.2127,0.88,,bismarck_gun_380_short_x2,1.0619,1.121,0.88,45,spee_gun_280_x2_a,1.1454,1.2127,0.88,,,,,,,,,,,
gun_14_x3_alt_germany,,356,gun_14_x3_alt,germany,,brandenburg_gun_279_x3,1.343,1.424,0.705,,teg_gun_305_x3,1.2968,1.3759,0.705,,spee_gun_280_x3_a,1.1454,1.2127,0.705,,bismarck_gun_380_short_x3,1.0619,1.121,0.705,45,bismarck_gun_380_x3,0.9728,1.0264,0.705,,,,,,,,,,,
gun_15_x2_alt_germany,,381,gun_15_x2_alt,germany,,brandenburg_gun_279_x2,1.434,1.515,0.9,,mackensen_gun_350_x2,1.2227,1.29,0.9,,mackensen_gun_350_x2,1.2227,1.29,0.9,,bismarck_gun_380_x2,1.0364,1.09,0.9,45,bismarck_gun_380_short_x2,1.131,1.1901,0.9,,,,,,,,,,,
gun_15_x3_alt_germany,,381,gun_15_x3_alt,germany,,brandenburg_gun_279_x3,1.434,1.515,0.72,,teg_gun_305_x3,1.3859,1.465,0.72,,spee_gun_280_x3_a,1.2227,1.29,0.72,,bismarck_gun_380_x3,1.0364,1.09,0.72,45,bismarck_gun_380_short_x3,1.131,1.1901,0.72,,,,,,,,,,,
gun_16_x2_alt_germany,,406,gun_16_x2_alt,germany,,brandenburg_gun_279_x2,1.525,1.606,0.93,,mackensen_gun_350_x2,1.3,1.3673,0.93,,mackensen_gun_350_x2,1.3,1.3673,0.93,,bismarck_gun_380_x2,1.1,1.1536,0.93,45,bismarck_gun_380_short_x2,1.2001,1.2592,0.93,,,,,,,,,,,
gun_16_x3_alt_germany,,406,gun_16_x3_alt,germany,,brandenburg_gun_279_x3,1.525,1.606,0.75,,teg_gun_305_x3,1.475,1.5541,0.75,,spee_gun_280_x3_a,1.3,1.3673,0.75,,bismarck_gun_380_x3,1.1,1.1536,0.75,45,bismarck_gun_380_short_x3,1.2001,1.2592,0.75,,,,,,,,,,,
gun_17_x2_alt_germany,,432,gun_17_x2_alt,germany,,mackensen_gun_350_x2,1.3773,1.4446,0.95,,mackensen_gun_350_x2,1.3773,1.4446,0.95,,spee_gun_280_x2_a,1.3773,1.4446,0.95,,bismarck_gun_380_short_x2,1.2692,1.3283,0.95,45,bismarck_gun_380_short_x2,1.2692,1.3283,0.95,,,,,,,,,,,
gun_17_x3_alt_germany,,432,gun_17_x3_alt,germany,,friedrich_gun_305_x3,1.5613,1.6376,0.775,,vdt_gun_280_x3,1.5641,1.6432,0.775,,spee_gun_280_x3_a,1.3773,1.4446,0.775,,bismarck_gun_380_short_x3,1.2692,1.3283,0.775,45,bismarck_gun_380_short_x3,1.2692,1.3283,0.775,,,,,,,,,,,
gun_18_x2_alt_germany,,457,gun_18_x2_alt,germany,,mackensen_gun_350_x2,1.4546,1.5219,0.985,,mackensen_gun_350_x2,1.4546,1.5219,0.985,,spee_gun_280_x2_a,1.4546,1.5219,0.985,,bismarck_gun_380_short_x2,1.3383,1.3974,0.985,45,bismarck_gun_380_short_x2,1.3383,1.3974,0.985,,,,,,,,,,,
gun_18_x3_alt_germany,,457,gun_18_x3_alt,germany,,friedrich_gun_305_x3,1.6476,1.7239,0.81,,vdt_gun_280_x3,1.6532,1.7323,0.81,,spee_gun_280_x3_a,1.4546,1.5219,0.81,,bismarck_gun_380_short_x3,1.3383,1.3974,0.81,45,bismarck_gun_380_short_x3,1.3383,1.3974,0.81,,,,,,,,,,,
gun_19_x2_alt_germany,,483,gun_19_x2_alt,germany,,mackensen_gun_350_x2,1.5319,1.5992,0.95,,mackensen_gun_350_x2,1.5319,1.5992,0.95,45,spee_gun_280_x2_a,1.5319,1.5992,0.95,45,bismarck_gun_380_short_x2,1.4074,1.4665,0.95,45,bismarck_gun_380_short_x2,1.4074,1.4665,0.95,50,,,,,,,,,,
gun_19_x3_alt_germany,,483,gun_19_x3_alt,germany,,friedrich_gun_305_x3,1.7423,1.8214,0.78,,vdt_gun_280_x3,1.7423,1.8214,0.78,45,spee_gun_280_x3_a,1.5319,1.5992,0.78,45,bismarck_gun_380_short_x3,1.4074,1.4665,0.78,45,bismarck_gun_380_short_x3,1.4074,1.4665,0.78,50,,,,,,,,,,
gun_20_x2_alt_germany,,508,gun_20_x2_alt,germany,,mackensen_gun_350_x2,1.6092,1.6765,0.85,,mackensen_gun_350_x2,1.6092,1.6765,0.85,45,spee_gun_280_x2_a,1.6092,1.6765,0.85,45,bismarck_gun_380_short_x2,1.4765,1.5356,0.85,45,bismarck_gun_380_short_x2,1.4765,1.5356,0.85,50,,,,,,,,,,
gun_20_x3_alt_germany,,508,gun_20_x3_alt,germany,,friedrich_gun_305_x3,1.8314,1.9105,0.7,,vdt_gun_280_x3,1.8314,1.9105,0.7,45,spee_gun_280_x3_a,1.6092,1.6765,0.7,45,bismarck_gun_380_short_x3,1.4765,1.5356,0.7,45,bismarck_gun_380_short_x3,1.4765,1.5356,0.7,50,,,,,,,,,,
###,,,###,,,,,,,,,,,,,,,,,,,,,,,,,,,,,,,,,,,,,
gun_2_x1_alt_britain,,51,gun_2_x1_alt,britain,,small_gun_a_51_x1,1.75,1.9,0.92,50,small_gun_a_51_x1,1.75,1.9,0.92,50,cressy_gun_76_x1,1.3,1.5,0.92,55,iowa_gun_127_x1,0.71,0.8,0.92,55,iowa_gun_127_x1,0.71,0.8,0.92,60,,,,,,,,,,
gun_2_x2_alt_britain,,51,gun_2_x2_alt,britain,,,,,0.7,50,,,,0.7,50,,,,0.7,55,richelieu_gun_120_x2,0.596,0.722,0.7,55,richelieu_gun_120_x2,0.596,0.722,0.7,60,,,,,,,,,,
gun_2_x3_alt_britain,,51,gun_2_x3_alt,britain,,,,,0.55,50,,,,0.55,50,,,,0.55,55,richelieu_gun_120_x3,0.596,0.722,0.55,55,richelieu_gun_120_x3,0.596,0.722,0.55,60,,,,,,,,,,
gun_2_x4_alt_britain,,51,gun_2_x4_alt,britain,,,,,,50,,,,,50,,,,,55,,,,,55,,,,,60,,,,,,,,,,
gun_3_x1_alt_britain,,76,gun_3_x1_alt,britain,,,,,1,45,,,,1,50,jap_tb_gun_76_x1,1.59,1.78,1,55,iowa_gun_127_x1,0.81,0.9,1,55,moga_gun_127_x1,1.03,1.126,1,55,,,,,,,,,,
gun_3_x2_alt_britain,,76,gun_3_x2_alt,britain,,,,,1.08,45,,,,1.08,50,,,,1.08,55,richelieu_gun_120_x2,0.732,0.858,1.08,55,moga_gun_127_x2,1.03,1.126,1.08,55,,,,,,,,,,
gun_3_x3_alt_britain,,76,gun_3_x3_alt,britain,,,,,0.83,45,,,,0.83,50,,,,0.83,55,richelieu_gun_120_x3,0.732,0.858,0.83,55,moga_gun_127_x3,1.03,1.126,0.83,55,,,,,,,,,,
gun_3_x4_alt_britain,,76,gun_3_x4_alt,britain,,,,,,45,,,,,50,,,,,55,,,,,55,,,,,55,,,,,,,,,,
gun_4_x1_alt_britain_dd,,102,gun_4_x1_alt,britain,"tb, dd",,,,1.1,45,vw_gun_120_x1,1,1.1,1.1,50,vw_gun_120_x1,1,1.1,1.1,55,vw_gun_120_x1,1,1.1,1.1,55,akizuki_gun_b_127_x1,0.646,0.7805,1.1,55,,,,,,,,,,
gun_4_x2_alt_britain_dd,,102,gun_4_x2_alt,britain,"tb, dd",,,,1.28,45,dreadnought_gun_178_x2,0.868,0.994,1.28,50,dreadnought_gun_178_x2,0.868,0.994,1.28,55,akizuki_gun_b_127_x2,0.646,0.7805,1.28,55,akizuki_gun_b_127_x2,0.646,0.7805,1.28,55,,,,,,,,,,
gun_4_x3_alt_britain_dd,,102,gun_4_x3_alt,britain,"tb, dd",,,,1,45,dreadnought_gun_178_x3,0.868,0.994,1,50,dreadnought_gun_178_x3,0.868,0.994,1,55,akizuki_gun_b_127_x3,0.646,0.7805,1,55,akizuki_gun_b_127_x3,0.646,0.7805,1,55,,,,,,,,,,
gun_4_x1_alt_britain,,102,gun_4_x1_alt,britain,"cl, ca, bb, bc",,,,1.1,45,vw_gun_120_x1,1,1.1,1.1,50,jap_tb_gun_76_x1,1.79,1.98,1.1,55,moga_gun_127_x1,1.132,1.228,1.1,55,moga_gun_127_x1,1.132,1.228,1.1,55,,,,,,,,,,
gun_4_x2_alt_britain,,102,gun_4_x2_alt,britain,"cl, ca, bb, bc",,,,1.28,45,dreadnought_gun_178_x2,0.868,0.994,1.28,50,dreadnought_gun_178_x2,0.868,0.994,1.28,55,qe_gun_114_x2,0.868,0.994,1.28,55,qe_gun_114_x2,0.868,0.994,1.28,55,,,,,,,,,,
gun_4_x3_alt_britain,,102,gun_4_x3_alt,britain,"cl, ca, bb, bc",,,,1,45,dreadnought_gun_178_x3,0.868,0.994,1,50,dreadnought_gun_178_x3,0.868,0.994,1,55,akizuki_gun_b_127_x3,0.646,0.7805,1,55,akizuki_gun_b_127_x3,0.646,0.7805,1,55,,,,,,,,,,
gun_5_x1_alt_britain,,127,gun_5_x1_alt,britain,,,,,0.85,45,,,,0.85,50,,,,0.85,55,hood_gun_140_x1,1.28,1.395,0.85,55,hood_gun_140_x1,1.28,1.395,0.85,55,,,,,,,,,,
gun_5_x2_alt_britain,,127,gun_5_x2_alt,britain,,,,,0.95,45,dreadnought_gun_178_x2,1.004,1.13,0.95,50,dreadnought_gun_178_x2,1.004,1.13,0.95,55,vanguard_gun_133_x2,1.004,1.13,0.95,55,vanguard_gun_133_x2,1.004,1.13,0.95,55,,,,,,,,,,
gun_5_x3_alt_britain,,127,gun_5_x3_alt,britain,,,,,0.75,45,dreadnought_gun_178_x3,1.004,1.13,0.75,50,dreadnought_gun_178_x3,1.004,1.13,0.75,55,vanguard_gun_133_x3,1.004,1.13,0.75,55,vanguard_gun_133_x3,1.004,1.13,0.75,55,,,,,,,,,,
gun_6_x1_alt_britain,,151,gun_6_x1_alt,britain,,,,,0.75,45,vw_gun_120_x1,1.2,1.3,0.75,,vw_gun_120_x1,1.2,1.3,0.75,50,,,,,50,,,,,,,,,,,,,,,
gun_6_x2_alt_britain,,152,gun_6_x2_alt,britain,,,,,0.86,45,dreadnought_gun_178_x2,1.14,1.266,0.86,,nelson_gun_b_152_x2,0.918,1.0262,0.86,50,british_adv_cruiser_152_gun_x2,0.71,0.809,0.86,50,nelson_gun_152_x2,0.7998,0.908,0.86,,,,,,,,,,,
gun_6_x3_alt_britain,,152,gun_6_x3_alt,britain,,,,,0.66,45,dreadnought_gun_178_x3,1.14,1.266,0.66,,dreadnought_gun_178_x3,1.14,1.266,0.66,50,british_adv_cruiser_152_gun_x3,0.71,0.809,0.66,50,nelson_gun_152_x3,0.918,1.0262,0.66,,,,,,,,,,,
gun_7_x2_alt_britain,,178,gun_7_x2_alt,britain,,irresistible_gun_305_x2,0.681,0.762,0.9,45,dreadnought_gun_178_x2,1.276,1.376,0.9,,warrior_gun_228_x2,0.998,1.078,0.9,50,british_adv_cruiser_152_gun_x2,0.819,0.918,0.9,50,nelson_gun_152_x2,1.0362,1.1444,0.9,,,,,,,,,,,
gun_7_x3_alt_britain,,178,gun_7_x3_alt,britain,,irresistible_gun_305_x3,0.681,0.762,0.705,45,dreadnought_gun_178_x3,1.276,1.376,0.705,,warrior_gun_228_x3,0.998,1.078,0.705,50,british_adv_cruiser_152_gun_x3,0.819,0.918,0.705,50,nelson_gun_152_x3,1.0362,1.1444,0.705,,,,,,,,,,,
gun_8_x2_alt_britain,,203,gun_8_x2_alt,britain,,irresistible_gun_305_x2,0.772,0.853,0.88,45,agamemnon_gun_228_x2,1.16,1.242,0.88,,warrior_gun_228_x2,1.08,1.16,0.88,50,british_adv_cruiser_152_gun_x2,0.928,1.027,0.88,50,nelson_gun_152_x2,1.1544,1.2626,0.88,,,,,,,,,,,
gun_8_x3_alt_britain,,203,gun_8_x3_alt,britain,,irresistible_gun_305_x3,0.772,0.853,0.69,45,agamemnon_gun_228_x3,1.16,1.242,0.69,,warrior_gun_228_x3,1.08,1.16,0.69,50,british_adv_cruiser_152_gun_x3,0.928,1.027,0.69,50,nelson_gun_152_x3,1.1544,1.2626,0.69,,,,,,,,,,,
gun_9_x2_alt_britain,,229,gun_9_x2_alt,britain,,irresistible_gun_305_x2,0.863,0.944,0.82,,agamemnon_gun_228_x2,1.244,1.326,0.82,,warrior_gun_228_x2,1.162,1.242,0.82,,british_adv_cruiser_152_gun_x2,1.037,1.136,0.82,50,nelson_gun_152_x2,1.2726,1.3808,0.82,,,,,,,,,,,
gun_9_x3_alt_britain,,229,gun_9_x3_alt,britain,,irresistible_gun_305_x3,0.863,0.944,0.64,,agamemnon_gun_228_x3,1.244,1.326,0.64,,warrior_gun_228_x3,1.162,1.242,0.64,,british_adv_cruiser_152_gun_x3,1.037,1.136,0.64,50,nelson_gun_152_x3,1.2726,1.3808,0.64,,,,,,,,,,,
gun_10_x2_alt_britain,,254,gun_10_x2_alt,britain,,irresistible_gun_305_x2,0.954,1.035,0.9,,agamemnon_gun_228_x2,1.328,1.41,0.9,,nelson_gun_406_x2,0.6908,0.754,0.9,,kgeorge_gun_a_380_x2,0.8025,0.837,0.9,50,kgeorge_gun_a_380_x2,0.8025,0.837,0.9,,,,,,,,,,,
gun_10_x3_alt_britain,,254,gun_10_x3_alt,britain,,irresistible_gun_305_x3,0.954,1.035,0.68,,agamemnon_gun_228_x3,1.328,1.41,0.68,,nelson_gun_406_x3,0.6908,0.754,0.68,,kgeorge_gun_380_x3,0.8025,0.837,0.68,50,kgeorge_gun_380_x3,0.8025,0.837,0.68,,,,,,,,,,,
gun_11_x2_alt_britain,,279,gun_11_x2_alt,britain,,agamemnon_gun_b_305_x2,1.045,1.126,0.82,,agamemnon_gun_b_305_x2,1.045,1.126,0.82,,nelson_gun_406_x2,0.759,0.8222,0.82,,kgeorge_gun_a_380_x2,0.8375,0.88,0.82,50,kgeorge_gun_a_380_x2,0.8375,0.88,0.82,,,,,,,,,,,
gun_11_x3_alt_britain,,279,gun_11_x3_alt,britain,,agamemnon_gun_b_305_x3,1.045,1.126,0.66,,agamemnon_gun_b_305_x3,1.045,1.126,0.66,,nelson_gun_406_x3,0.759,0.8222,0.66,,kgeorge_gun_380_x3,0.8375,0.88,0.66,50,kgeorge_gun_380_x3,0.8375,0.88,0.66,,,,,,,,,,,
gun_12_x2_alt_britain,,305,gun_12_x2_alt,britain,,agamemnon_gun_b_305_x2,1.136,1.217,0.82,,agamemnon_gun_b_305_x2,1.136,1.217,0.82,,nelson_gun_406_x2,0.8272,0.8904,0.82,,kgeorge_gun_a_380_x2,0.8825,0.925,0.82,45,kgeorge_gun_a_380_x2,0.8825,0.925,0.82,,,,,,,,,,,
gun_12_x3_alt_britain,,305,gun_12_x3_alt,britain,,agamemnon_gun_b_305_x3,1.136,1.217,0.66,,agamemnon_gun_b_305_x3,1.136,1.217,0.66,,nelson_gun_406_x3,0.8272,0.8904,0.66,,kgeorge_gun_380_x3,0.8825,0.925,0.66,45,kgeorge_gun_380_x3,0.8825,0.925,0.66,,,,,,,,,,,
gun_13_x2_alt_britain,,330,gun_13_x2_alt,britain,,agamemnon_gun_b_305_x2,1.227,1.308,0.88,,dreadnought_gun_305_x2,1.216,1.297,0.88,,nelson_gun_406_x2,0.8954,0.9586,0.88,,kgeorge_gun_a_380_x2,0.9275,0.97,0.88,45,kgeorge_gun_a_380_x2,0.9275,0.97,0.88,,,,,,,,,,,
gun_13_x3_alt_britain,,330,gun_13_x3_alt,britain,,agamemnon_gun_b_305_x3,1.227,1.308,0.705,,dreadnought_gun_305_x3,1.216,1.297,0.705,,nelson_gun_406_x3,0.8954,0.9586,0.705,,kgeorge_gun_380_x3,0.9275,0.97,0.705,45,kgeorge_gun_380_x3,0.9275,0.97,0.705,,,,,,,,,,,
gun_14_x2_alt_britain,,356,gun_14_x2_alt,britain,,agamemnon_gun_b_305_x2,1.318,1.399,0.88,,dreadnought_gun_305_x2,1.301,1.391,0.88,,nelson_gun_406_x2,0.9636,1.0268,0.88,,kgeorge_gun_a_380_x2,0.9725,1.015,0.88,45,kgeorge_gun_a_380_x2,0.9725,1.015,0.88,,,,,,,,,,,
gun_14_x3_alt_britain,,356,gun_14_x3_alt,britain,,agamemnon_gun_b_305_x3,1.318,1.399,0.705,,dreadnought_gun_305_x3,1.301,1.391,0.705,,nelson_gun_406_x3,0.9636,1.0268,0.705,,kgeorge_gun_380_x3,0.9725,1.015,0.705,45,kgeorge_gun_380_x3,0.9725,1.015,0.705,,,,,,,,,,,
gun_15_x2_alt_britain,,381,gun_15_x2_alt,britain,,agamemnon_gun_b_305_x2,1.409,1.49,0.9,,dreadnought_gun_305_x2,1.409,1.49,0.9,,nelson_gun_406_x2,1.0318,1.095,0.9,,hood_gun_380_x2,1.0318,1.095,0.9,,hood_gun_380_x2,1.0318,1.095,0.9,,,,,,,,,,,
gun_15_x3_alt_britain,,381,gun_15_x3_alt,britain,,agamemnon_gun_b_305_x3,1.409,1.49,0.72,,dreadnought_gun_305_x3,1.409,1.49,0.72,,nelson_gun_406_x3,1.0318,1.095,0.72,,hood_gun_380_x3,1.0318,1.095,0.72,,hood_gun_380_x3,1.0318,1.095,0.72,,,,,,,,,,,
gun_16_x2_alt_britain,,406,gun_16_x2_alt,britain,,agamemnon_gun_b_305_x2,1.5,1.581,0.93,,hood_gun_380_x2,1.1,1.1632,0.93,,nelson_gun_406_x2,1.1,1.1632,0.93,45,hood_gun_380_x2,1.1,1.1632,0.93,45,kgeorge_gun_a_380_x2,1.09,1.155,0.93,,,,,,,,,,,
gun_16_x3_alt_britain,,406,gun_16_x3_alt,britain,,agamemnon_gun_b_305_x3,1.5,1.581,0.75,,hood_gun_380_x3,1.1,1.1632,0.75,,nelson_gun_406_x3,1.1,1.1632,0.75,45,hood_gun_380_x3,1.1,1.1632,0.75,45,kgeorge_gun_380_x3,1.09,1.155,0.75,,,,,,,,,,,
gun_17_x2_alt_britain,,432,gun_17_x2_alt,britain,,irresistible_gun_305_x2,1.591,1.672,0.95,,agamemnon_gun_b_305_x2,1.591,1.672,0.95,,hood_gun_380_x2,1.1682,1.2314,0.95,,kgeorge_gun_a_380_x2,1.159,1.219,0.95,45,kgeorge_gun_a_380_x2,1.159,1.219,0.95,,,,,,,,,,,
gun_17_x3_alt_britain,,432,gun_17_x3_alt,britain,,irresistible_gun_305_x3,1.591,1.672,0.775,,agamemnon_gun_b_305_x3,1.591,1.672,0.775,,hood_gun_380_x3,1.1682,1.2314,0.775,,kgeorge_gun_380_x3,1.159,1.219,0.775,45,kgeorge_gun_380_x3,1.159,1.219,0.775,,,,,,,,,,,
gun_18_x2_alt_britain,,457,gun_18_x2_alt,britain,,irresistible_gun_305_x2,1.682,1.763,0.985,,agamemnon_gun_b_305_x2,1.682,1.763,0.985,,hood_gun_380_x2,1.2364,1.2996,0.985,,kgeorge_gun_a_380_x2,1.22,1.285,0.985,45,kgeorge_gun_a_380_x2,1.22,1.285,0.985,,,,,,,,,,,
gun_18_x3_alt_britain,,457,gun_18_x3_alt,britain,,irresistible_gun_305_x3,1.682,1.763,0.81,,agamemnon_gun_b_305_x3,1.682,1.763,0.81,,hood_gun_380_x3,1.2364,1.2996,0.81,,kgeorge_gun_380_x3,1.22,1.285,0.81,45,kgeorge_gun_380_x3,1.22,1.285,0.81,,,,,,,,,,,
gun_19_x2_alt_britain,,483,gun_19_x2_alt,britain,,irresistible_gun_305_x2,1.773,1.854,0.95,,agamemnon_gun_b_305_x2,1.773,1.854,0.95,,hood_gun_380_x2,1.3046,1.3678,0.95,,kgeorge_gun_a_380_x2,1.286,1.356,0.95,45,kgeorge_gun_a_380_x2,1.286,1.356,0.95,45,,,,,,,,,,
gun_19_x3_alt_britain,,483,gun_19_x3_alt,britain,,irresistible_gun_305_x3,1.773,1.854,0.78,,agamemnon_gun_b_305_x3,1.773,1.854,0.78,,hood_gun_380_x3,1.3046,1.3678,0.78,,kgeorge_gun_380_x3,1.286,1.356,0.78,45,kgeorge_gun_380_x3,1.286,1.356,0.78,45,,,,,,,,,,
gun_20_x2_alt_britain,,508,gun_20_x2_alt,britain,,irresistible_gun_305_x2,1.864,1.945,0.85,,agamemnon_gun_b_305_x2,1.864,1.945,0.85,,hood_gun_380_x2,1.3728,1.436,0.85,,kgeorge_gun_a_380_x2,1.36,1.435,0.85,45,kgeorge_gun_a_380_x2,1.36,1.435,0.85,45,,,,,,,,,,
gun_20_x3_alt_britain,,508,gun_20_x3_alt,britain,,irresistible_gun_305_x3,1.864,1.945,0.7,,agamemnon_gun_b_305_x3,1.864,1.945,0.7,,hood_gun_380_x3,1.3728,1.436,0.7,,kgeorge_gun_380_x3,1.36,1.435,0.7,45,kgeorge_gun_380_x3,1.36,1.435,0.7,45,,,,,,,,,,
###,,,###,,,,,,,,,,,,,,,,,,,,,,,,,,,,,,,,,,,,,
gun_2_x1_alt_japan,,51,gun_2_x1_alt,japan,,small_gun_a_51_x1,1.75,1.6,0.92,50,small_gun_b_51_x1,1.75,1.9,0.92,50,,,,0.92,55,atlanta_gun_28_x1,1.225,1.355,0.92,55,atlanta_gun_28_x1,1.225,1.355,0.92,60,,,,,,,,,,
gun_2_x2_alt_japan,,51,gun_2_x2_alt,japan,,,,,0.7,50,,,,0.7,50,,,,0.7,55,atlanta_gun_28_x2,1.225,1.355,0.7,55,atlanta_gun_28_x2,1.225,1.355,0.7,60,,,,,,,,,,
gun_2_x3_alt_japan,,51,gun_2_x3_alt,japan,,,,,0.55,50,,,,0.55,50,,,,0.55,55,atlanta_gun_28_x3,1.225,1.355,0.55,55,atlanta_gun_28_x3,1.225,1.355,0.55,60,,,,,,,,,,
gun_2_x4_alt_japan,,51,gun_2_x4_alt,japan,,,,,0.5,50,,,,0.5,50,,,,0.5,55,,,,0.5,55,,,,0.5,60,,,,,,,,,,
gun_3_x1_alt_japan,,76,gun_3_x1_alt,japan,,,,,1,45,,,,1,50,,,,1,55,akizuki_gun_100_x1,0.873,0.968,1,55,akizuki_gun_100_x1,0.926,1.006,1,55,,,,,,,,,,
gun_3_x2_alt_japan,,76,gun_3_x2_alt,japan,,,,,1.08,45,,,,1.08,50,,,,1.08,55,akizuki_gun_100_x2,0.873,0.968,1.08,55,akizuki_gun_100_x2,0.926,1.006,1.08,55,,,,,,,,,,
gun_3_x3_alt_japan,,76,gun_3_x3_alt,japan,,,,,0.83,45,,,,0.83,50,,,,0.83,55,akizuki_gun_100_x3,0.873,0.968,0.83,55,akizuki_gun_100_x3,0.926,1.006,0.83,55,,,,,,,,,,
gun_3_x4_alt_japan,,76,gun_3_x4_alt,japan,,,,,0.74,45,,,,0.74,50,,,,0.74,55,,,,0.74,55,,,,0.74,55,,,,,,,,,,
"gun_4_x1_alt_japan_bb,bc",,102,gun_4_x1_alt,japan,"ca, bb, bc",,,,1.1,45,,,,1.1,50,iowa_gun_127_x1,1.132,1.228,1.1,55,moga_gun_127_x1,1.132,1.228,1.1,55,moga_gun_127_x1,1.132,1.228,1.1,55,,,,,,,,,,
"gun_4_x2_alt_japan_bb,bc",,102,gun_4_x2_alt,japan,"ca, bb, bc",,,,1.28,45,,,,1.28,50,iowa_gun_127_x2,1.132,1.228,1.28,55,moga_gun_127_x2,1.132,1.228,1.28,55,moga_gun_127_x2,1.132,1.228,1.28,55,,,,,,,,,,
"gun_4_x3_alt_japan_bb,bc",,102,gun_4_x3_alt,japan,"ca, bb, bc",,,,1,45,,,,1,50,iowa_gun_127_x3,1.132,1.228,1,55,moga_gun_127_x3,1.132,1.228,1,55,moga_gun_127_x3,1.132,1.228,1,55,,,,,,,,,,
gun_4_x1_alt_japan,,102,gun_4_x1_alt,japan,"tb, dd, cl",,,,1.1,45,,,,1.1,50,moga_gun_127_x1,1.112,1.212,1.1,55,akizuki_gun_100_x1,1.018,1.098,1.1,55,akizuki_gun_100_x1,1.018,1.098,1.1,55,,,,,,,,,,
gun_4_x2_alt_japan,,102,gun_4_x2_alt,japan,"tb, dd, cl",,,,1.28,45,,,,1.28,50,moga_gun_127_x2,1.112,1.212,1.28,55,akizuki_gun_100_x2,1.018,1.098,1.28,55,akizuki_gun_100_x2,1.018,1.098,1.28,55,,,,,,,,,,
gun_4_x3_alt_japan,,102,gun_4_x3_alt,japan,"tb, dd, cl",,,,1,45,,,,1,50,moga_gun_127_x3,1.112,1.212,1,55,akizuki_gun_100_x3,1.018,1.098,1,55,akizuki_gun_100_x3,1.018,1.098,1,55,,,,,,,,,,
"gun_5_x1_alt_japan_bb,bc",,127,gun_5_x1_alt,japan,"ca, bb, bc",tsesarevich_gun_152_x1,0.8005,0.935,0.85,45,,,,0.85,50,iowa_gun_127_x1,1.234,1.33,0.85,55,moga_gun_127_x1,1.234,1.33,0.85,55,moga_gun_127_x1,1.234,1.33,0.85,55,,,,,,,,,,
"gun_5_x2_alt_japan_bb,bc",,127,gun_5_x2_alt,japan,"ca, bb, bc",tsesarevich_gun_152_x2,0.8005,0.935,0.95,45,,,,0.95,50,iowa_gun_127_x2,1.234,1.33,0.95,55,moga_gun_127_x2,1.234,1.33,0.95,55,moga_gun_127_x2,1.234,1.33,0.95,55,,,,,,,,,,
"gun_5_x3_alt_japan_bb,bc",,127,gun_5_x3_alt,japan,"ca, bb, bc",tsesarevich_gun_152_x3,0.8005,0.935,0.75,45,,,,0.75,50,iowa_gun_127_x3,1.234,1.33,0.75,55,moga_gun_127_x3,1.234,1.33,0.75,55,moga_gun_127_x3,1.234,1.33,0.75,55,,,,,,,,,,
gun_5_x1_alt_japan,,127,gun_5_x1_alt,japan,"tb, dd, cl",,,,0.85,45,,,,0.85,50,,,,0.85,55,,,,0.85,55,akizuki_gun_127_x1,1.07,1.145,0.85,55,,,,,,,,,,
gun_5_x2_alt_japan,,127,gun_5_x2_alt,japan,"tb, dd, cl",,,,0.95,45,,,,0.95,50,moga_gun_127_x2,1.234,1.33,0.95,55,akizuki_gun_127_x2,1.07,1.145,0.95,55,akizuki_gun_127_x2,1.07,1.145,0.95,55,,,,,,,,,,
gun_5_x3_alt_japan,,127,gun_5_x3_alt,japan,"tb, dd, cl",,,,0.75,45,,,,0.75,50,moga_gun_127_x3,1.234,1.33,0.75,55,akizuki_gun_127_x3,1.07,1.145,0.75,55,akizuki_gun_127_x3,1.07,1.145,0.75,55,,,,,,,,,,
gun_6_x1_alt_japan,,151,gun_6_x1_alt,japan,,,,,0.75,45,,,,0.75,,,,,0.75,50,,,,0.75,50,,,,0.75,,,,,,,,,,,
gun_6_x2_alt_japan,,152,gun_6_x2_alt,japan,,tsesarevich_gun_152_x2,0.955,1.0895,0.86,45,,,,0.86,,,,,0.86,50,yamato_gun_155_x2,0.8606,0.9222,0.86,50,yamato_gun_155_x2,0.8606,0.9222,0.86,,,,,,,,,,,
gun_6_x3_alt_japan,,152,gun_6_x3_alt,japan,,tsesarevich_gun_152_x3,0.955,1.0895,0.66,45,,,,0.66,,,,,0.66,50,yamato_gun_155_x3,0.8606,0.9222,0.66,50,yamato_gun_155_x3,0.8606,0.9222,0.66,,,,,,,,,,,
gun_7_x2_alt_japan,,178,gun_7_x2_alt,japan,,tsesarevich_gun_152_x2,1.1095,1.244,0.9,45,,,,0.9,,dreadnought_gun_178_x2,1.276,1.402,0.9,50,yamato_gun_155_x2,0.9272,0.9808,0.9,50,yamato_gun_155_x2,0.9272,0.9808,0.9,,,,,,,,,,,
gun_7_x3_alt_japan,,178,gun_7_x3_alt,japan,,tsesarevich_gun_152_x3,1.1095,1.244,0.705,45,,,,0.705,,dreadnought_gun_178_x3,1.276,1.402,0.705,50,yamato_gun_155_x3,0.9272,0.9808,0.705,50,yamato_gun_155_x3,0.9272,0.9808,0.705,,,,,,,,,,,
gun_8_x2_alt_japan,,203,gun_8_x2_alt,japan,,friedrich_gun_228_x2,0.8194,0.8976,0.88,45,,,,0.88,,agamemnon_gun_228_x2,1.16,1.242,0.88,50,moga_gun_200_x2,1.056,1.111,0.88,50,moga_gun_200_x2,1.056,1.111,0.88,,,,,,,,,,,
gun_8_x3_alt_japan,,203,gun_8_x3_alt,japan,,friedrich_gun_228_x3,0.8194,0.8976,0.69,45,,,,0.69,,agamemnon_gun_228_x3,1.16,1.242,0.69,50,moga_gun_200_x3,1.056,1.101,0.69,50,moga_gun_200_x3,1.056,1.101,0.69,,,,,,,,,,,
gun_9_x2_alt_japan,,229,gun_9_x2_alt,japan,,friedrich_gun_228_x2,0.9076,0.9858,0.82,,agamemnon_gun_228_x2,1.244,1.326,0.82,,agamemnon_gun_228_x2,1.244,1.326,0.82,,moga_gun_200_x2,1.116,1.181,0.82,50,moga_gun_200_x2,1.116,1.181,0.82,,,,,,,,,,,
gun_9_x3_alt_japan,,229,gun_9_x3_alt,japan,,friedrich_gun_228_x3,0.9076,0.9858,0.64,,agamemnon_gun_228_x3,1.244,1.326,0.64,,agamemnon_gun_228_x3,1.244,1.326,0.64,,moga_gun_200_x3,1.116,1.181,0.64,50,moga_gun_200_x3,1.116,1.181,0.64,,,,,,,,,,,
gun_10_x2_alt_japan,,254,gun_10_x2_alt,japan,,friedrich_gun_228_x2,0.9958,1.074,0.9,,agamemnon_gun_228_x2,1.328,1.41,0.9,,agamemnon_gun_228_x2,1.328,1.41,0.9,,moga_gun_200_x2,1.186,1.261,0.9,50,moga_gun_200_x2,1.186,1.261,0.9,,,,,,,,,,,
gun_10_x3_alt_japan,,254,gun_10_x3_alt,japan,,friedrich_gun_228_x3,0.9958,1.074,0.68,,agamemnon_gun_228_x3,1.328,1.41,0.68,,agamemnon_gun_228_x3,1.328,1.41,0.68,,moga_gun_200_x3,1.186,1.261,0.68,50,moga_gun_200_x3,1.186,1.261,0.68,,,,,,,,,,,
gun_11_x2_alt_japan,,279,gun_11_x2_alt,japan,,friedrich_gun_228_x2,1.084,1.1622,0.82,,fus_gun_356_x2_a,0.909,0.9672,0.82,,fus_gun_356_x2_a,0.909,0.9672,0.82,,yamato_gun_460_x2,0.645,0.69,0.82,50,yamato_gun_b_460_x2,0.645,0.69,0.82,,,,,,,,,,,
gun_11_x3_alt_japan,,279,gun_11_x3_alt,japan,,friedrich_gun_228_x3,1.084,1.1622,0.66,,fus_gun_356_x3_a,0.909,0.9672,0.66,,fus_gun_356_x3_a,0.909,0.9672,0.66,,yamato_gun_460_x3,0.645,0.69,0.66,50,yamato_gun_b_460_x3,0.645,0.69,0.66,,,,,,,,,,,
gun_12_x2_alt_japan,,305,gun_12_x2_alt,japan,,agamemnon_gun_b_305_x2,1.136,1.217,0.82,,fus_gun_356_x2_a,0.9772,1.0354,0.82,,fus_gun_356_x2_a,0.9772,1.0354,0.82,,yamato_gun_460_x2,0.695,0.74,0.82,45,yamato_gun_b_460_x2,0.695,0.74,0.82,,,,,,,,,,,
gun_12_x3_alt_japan,,305,gun_12_x3_alt,japan,,agamemnon_gun_b_305_x3,1.136,1.217,0.66,,fus_gun_356_x3_a,0.9772,1.0354,0.66,,fus_gun_356_x3_a,0.9772,1.0354,0.66,,yamato_gun_460_x3,0.695,0.74,0.66,45,yamato_gun_b_460_x3,0.695,0.74,0.66,,,,,,,,,,,
gun_13_x2_alt_japan,,330,gun_13_x2_alt,japan,,agamemnon_gun_b_305_x2,1.227,1.308,0.88,,fus_gun_356_x2_a,1.0454,1.1036,0.88,,fus_gun_356_x2_a,1.0454,1.1036,0.88,,yamato_gun_460_x2,0.745,0.79,0.88,45,yamato_gun_b_460_x2,0.745,0.79,0.88,,,,,,,,,,,
gun_13_x3_alt_japan,,330,gun_13_x3_alt,japan,,agamemnon_gun_b_305_x3,1.227,1.308,0.705,,fus_gun_356_x3_a,1.0454,1.1036,0.705,,fus_gun_356_x3_a,1.0454,1.1036,0.705,,yamato_gun_460_x3,0.745,0.79,0.705,45,yamato_gun_b_460_x3,0.745,0.79,0.705,,,,,,,,,,,
gun_14_x2_alt_japan,,356,gun_14_x2_alt,japan,,agamemnon_gun_b_305_x2,1.318,1.399,0.88,,fus_gun_356_x2_a,1.1136,1.1718,0.88,,fus_gun_356_x2_a,1.1136,1.1718,0.88,,yamato_gun_460_x2,0.795,0.84,0.88,45,yamato_gun_b_460_x2,0.795,0.84,0.88,,,,,,,,,,,
gun_14_x3_alt_japan,,356,gun_14_x3_alt,japan,,agamemnon_gun_b_305_x3,1.318,1.399,0.705,,fus_gun_356_x3_a,1.1136,1.1718,0.705,,fus_gun_356_x3_a,1.1136,1.1718,0.705,,yamato_gun_460_x3,0.795,0.84,0.705,45,yamato_gun_b_460_x3,0.795,0.84,0.705,,,,,,,,,,,
gun_15_x2_alt_japan,,381,gun_15_x2_alt,japan,,agamemnon_gun_b_305_x2,1.409,1.49,0.9,,fus_gun_356_x2_a,1.1818,1.24,0.9,,fus_gun_356_x2_a,1.1818,1.24,0.9,,yamato_gun_460_x2,0.845,0.89,0.9,45,yamato_gun_b_460_x2,0.845,0.89,0.9,,,,,,,,,,,
gun_15_x3_alt_japan,,381,gun_15_x3_alt,japan,,agamemnon_gun_b_305_x3,1.409,1.49,0.72,,fus_gun_356_x3_a,1.1818,1.24,0.72,,fus_gun_356_x3_a,1.1818,1.24,0.72,,yamato_gun_460_x3,0.845,0.89,0.72,45,yamato_gun_b_460_x3,0.845,0.89,0.72,,,,,,,,,,,
gun_16_x2_alt_japan,,406,gun_16_x2_alt,japan,,agamemnon_gun_b_305_x2,1.5,1.581,0.93,,fus_gun_356_x2_a,1.25,1.3082,0.93,,fus_gun_356_x2_a,1.25,1.3082,0.93,,yamato_gun_460_x2,0.895,0.94,0.93,45,yamato_gun_b_460_x2,0.895,0.94,0.93,,,,,,,,,,,
gun_16_x3_alt_japan,,406,gun_16_x3_alt,japan,,agamemnon_gun_b_305_x3,1.5,1.581,0.75,,fus_gun_356_x3_a,1.25,1.3082,0.75,,fus_gun_356_x3_a,1.25,1.3082,0.75,,yamato_gun_460_x3,0.895,0.94,0.75,45,yamato_gun_b_460_x3,0.895,0.94,0.75,,,,,,,,,,,
gun_17_x2_alt_japan,,432,gun_17_x2_alt,japan,,agamemnon_gun_305_x2,1.591,1.672,0.95,,fus_gun_356_x2_a,1.3182,1.3764,0.95,,yamato_gun_460_x2,0.945,0.99,0.95,,yamato_gun_b_460_x2,0.945,0.99,0.95,45,yamato_gun_b_460_x2,0.945,0.99,0.95,,,,,,,,,,,
gun_17_x3_alt_japan,,432,gun_17_x3_alt,japan,,agamemnon_gun_305_x3,1.591,1.672,0.775,,fus_gun_356_x3_a,1.3182,1.3764,0.775,,yamato_gun_460_x3,0.945,0.99,0.775,,yamato_gun_b_460_x3,0.945,0.99,0.775,45,yamato_gun_b_460_x3,0.945,0.99,0.775,,,,,,,,,,,
gun_18_x2_alt_japan,,457,gun_18_x2_alt,japan,,agamemnon_gun_305_x2,1.682,1.763,0.985,,fus_gun_356_x2_a,1.3864,1.4446,0.985,,yamato_gun_460_x2,0.995,1.04,0.985,,yamato_gun_b_460_x2,0.995,1.04,0.985,45,yamato_gun_b_460_x2,0.995,1.04,0.985,,,,,,,,,,,
gun_18_x3_alt_japan,,457,gun_18_x3_alt,japan,,agamemnon_gun_305_x3,1.682,1.763,0.81,,fus_gun_356_x3_a,1.3864,1.4446,0.81,,yamato_gun_460_x3,0.995,1.04,0.81,,yamato_gun_b_460_x3,0.995,1.04,0.81,45,yamato_gun_b_460_x3,0.995,1.04,0.81,,,,,,,,,,,
gun_19_x2_alt_japan,,483,gun_19_x2_alt,japan,,,,,0.95,,,,,0.95,,,,,0.95,,,,,0.95,,,,,0.95,,,,,,,,,,,
gun_19_x3_alt_japan,,483,gun_19_x3_alt,japan,,,,,0.78,,,,,0.78,,,,,0.78,,,,,0.78,,,,,0.78,,,,,,,,,,,
gun_20_x2_alt_japan,,508,gun_20_x2_alt,japan,,,,,0.85,,,,,0.85,,,,,0.85,,,,,0.85,,,,,0.85,,,,,,,,,,,
gun_20_x3_alt_japan,,508,gun_20_x3_alt,japan,,,,,0.7,,,,,0.7,,,,,0.7,,,,,0.7,,,,,0.7,,,,,,,,,,,
###,,,###,,,,,,,,,,,,,,,,,,,,,,,,,,,,,,,,,,,,,
gun_2_x1_alt_france,,51,gun_2_x1_alt,france,,,,,,50,,,,,50,,,,,55,,,,,55,,,,,60,,,,,,,,,,
gun_2_x2_alt_france,,51,gun_2_x2_alt,france,,,,,,50,,,,,50,,,,,55,richelieu_gun_120_x2,0.596,0.722,0.7,55,richelieu_gun_120_x2,0.596,0.722,0.7,60,,,,,,,,,,
gun_2_x3_alt_france,,51,gun_2_x3_alt,france,,,,,,50,,,,,50,,,,,55,richelieu_gun_120_x3,0.596,0.722,0.55,55,richelieu_gun_120_x3,0.596,0.722,0.55,60,,,,,,,,,,
gun_2_x4_alt_france,,51,gun_2_x4_alt,france,,,,,,50,,,,,50,,,,,55,,,,,55,,,,,60,,,,,,,,,,
gun_3_x1_alt_france,,76,gun_3_x1_alt,france,"cl, ca, bb, bc",,,,,45,,,,,50,,,,,55,,,,,55,,,,,55,,,,,,,,,,
gun_3_x2_alt_france,,76,gun_3_x2_alt,france,"cl, ca, bb, bc",,,,,45,,,,,50,,,,,55,richelieu_gun_120_x2,0.732,0.858,1.08,55,richelieu_gun_120_x2,0.732,0.858,1.08,55,,,,,,,,,,
gun_3_x3_alt_france,,76,gun_3_x3_alt,france,"cl, ca, bb, bc",,,,,45,,,,,50,,,,,55,richelieu_gun_120_x3,0.732,0.858,0.83,55,richelieu_gun_120_x3,0.732,0.858,0.83,55,,,,,,,,,,
gun_3_x1_alt_france_dd,,76,gun_3_x1_alt,france,"dd, tb",,,,,45,,,,,50,,,,,55,moga_gun_127_x1,1.03,1.126,1,55,moga_gun_127_x1,1.03,1.126,1,55,,,,,,,,,,
gun_3_x2_alt_france_dd,,76,gun_3_x2_alt,france,"dd, tb",,,,,45,,,,,50,,,,,55,ussr_gun_100_x2,0.88,0.95,1.08,55,ussr_gun_100_x2,0.88,0.95,1.08,55,,,,,,,,,,
gun_3_x3_alt_france_dd,,76,gun_3_x3_alt,france,"dd, tb",,,,,45,,,,,50,,,,,55,ussr_gun_100_x3,0.88,0.95,0.83,55,ussr_gun_100_x3,0.88,0.95,0.83,55,,,,,,,,,,
gun_3_x4_alt_france,,76,gun_3_x4_alt,france,,,,,,45,,,,,50,,,,,55,,,,,55,,,,,55,,,,,,,,,,
gun_4_x1_alt_france,,102,gun_4_x1_alt,france,,,,,,45,,,,,50,,,,,55,,,,,55,,,,,55,,,,,,,,,,
gun_4_x2_alt_france,,102,gun_4_x2_alt,france,,,,,,45,,,,,50,,,,,55,,,,,55,,,,,55,,,,,,,,,,
gun_4_x3_alt_france,,102,gun_4_x3_alt,france,,,,,,45,,,,,50,,,,,55,,,,,55,,,,,55,,,,,,,,,,
gun_5_x1_alt_france_dd,,127,gun_5_x1_alt,france,"dd, tb",,,,,45,,,,,50,,,,,55,,,,,55,,,,,55,,,,,,,,,,
gun_5_x2_alt_france_dd,,127,gun_5_x2_alt,france,"dd, tb",,,,,45,,,,,50,,,,,55,,,,,55,,,,,55,,,,,,,,,,
gun_5_x3_alt_france_dd,,127,gun_5_x3_alt,france,"dd, tb",,,,,45,,,,,50,,,,,55,,,,,55,,,,,55,,,,,,,,,,
gun_5_x1_alt_france,,127,gun_5_x1_alt,france,"cl, ca, bb, bc",,,,,45,,,,,50,,,,,55,,,,,55,,,,,55,,,,,,,,,,
gun_5_x2_alt_france,,127,gun_5_x2_alt,france,"cl, ca, bb, bc",,,,,45,,,,,50,,,,,55,richelieu_gun_152_x2,0.551,0.651,0.95,55,richelieu_gun_152_x2,0.551,0.651,0.95,55,,,,,,,,,,
gun_5_x3_alt_france,,127,gun_5_x3_alt,france,"cl, ca, bb, bc",,,,,45,,,,,50,,,,,55,richelieu_gun_152_x3,0.551,0.651,0.75,55,richelieu_gun_152_x3,0.551,0.651,0.75,55,,,,,,,,,,
gun_6_x1_alt_france,,151,gun_6_x1_alt,france,,,,,,45,,,,,,,,,,50,,,,,50,,,,,,,,,,,,,,,
gun_6_x2_alt_france,,152,gun_6_x2_alt,france,,,,,,45,,,,,,,,,,50,richelieu_gun_152_x2,0.66,0.76,0.86,50,richelieu_gun_152_x2,0.66,0.76,0.86,50,,,,,,,,,,
gun_6_x3_alt_france,,152,gun_6_x3_alt,france,,,,,,45,,,,,,,,,,50,richelieu_gun_152_x3,0.66,0.76,0.66,50,richelieu_gun_152_x3,0.66,0.76,0.66,50,,,,,,,,,,
gun_7_x2_alt_france,,178,gun_7_x2_alt,france,,,,,,45,,,,,,,,,,50,,,,,50,,,,,,,,,,,,,,,
gun_7_x3_alt_france,,178,gun_7_x3_alt,france,,,,,,45,,,,,,,,,,50,,,,,50,,,,,,,,,,,,,,,
gun_8_x2_alt_france,,203,gun_8_x2_alt,france,,,,,,45,,,,,,,,,,50,,,,,50,,,,,,,,,,,,,,,
gun_8_x3_alt_france,,203,gun_8_x3_alt,france,,,,,,45,,,,,,,,,,50,,,,,50,,,,,,,,,,,,,,,
gun_9_x2_alt_france,,229,gun_9_x2_alt,france,,,,,,,,,,,,,,,,,,,,,50,,,,,,,,,,,,,,,
gun_9_x3_alt_france,,229,gun_9_x3_alt,france,,,,,,,,,,,,,,,,,,,,,50,,,,,,,,,,,,,,,
gun_10_x2_alt_france,,254,gun_10_x2_alt,france,,,,,,,,,,,,,,,,,,,,,50,,,,,,,,,,,,,,,
gun_10_x3_alt_france,,254,gun_10_x3_alt,france,,,,,,,,,,,,,,,,,,,,,50,,,,,,,,,,,,,,,
gun_11_x2_alt_france,,279,gun_11_x2_alt,france,,,,,,,,,,,,,,,,,,,,,50,,,,,,,,,,,,,,,
gun_11_x3_alt_france,,279,gun_11_x3_alt,france,,,,,,,,,,,,,,,,,,,,,50,,,,,,,,,,,,,,,
gun_12_x2_alt_france,,305,gun_12_x2_alt,france,,,,,,,,,,,,,,,,,dant_gun_245_x2,1.136,1.217,0.82,,,,,,,,,,,,,,,,
gun_12_x3_alt_france,,305,gun_12_x3_alt,france,,,,,,,,,,,,,,,,,dant_gun_245_x3,1.136,1.217,0.66,,,,,,,,,,,,,,,,
gun_13_x2_alt_france,,330,gun_13_x2_alt,france,,,,,,,,,,,,,,,,,dant_gun_245_x2,1.227,1.308,0.88,,,,,,,,,,,,,,,,
gun_13_x3_alt_france,,330,gun_13_x3_alt,france,,,,,,,,,,,,,,,,,dant_gun_245_x3,1.227,1.308,0.705,,,,,,,,,,,,,,,,
gun_14_x2_alt_france,,356,gun_14_x2_alt,france,,,,,,,,,,,,,,,,,dant_gun_245_x2,1.318,1.399,0.88,,,,,,,,,,,,,,,,
gun_14_x3_alt_france,,356,gun_14_x3_alt,france,,,,,,,,,,,,,,,,,dant_gun_245_x3,1.318,1.399,0.705,,,,,,,,,,,,,,,,
gun_15_x2_alt_france,,381,gun_15_x2_alt,france,,,,,,,richelieu_gun_380_x2,0.8875,0.94,0.9,,richelieu_gun_380_x2,0.8875,0.94,0.9,,dant_gun_245_x2,1.409,1.49,0.9,,,,,,,,,,,,,,,,
gun_15_x3_alt_france,,381,gun_15_x3_alt,france,,,,,,,richelieu_gun_380_x3,0.8875,0.94,0.72,,richelieu_gun_380_x3,0.8875,0.94,0.72,,dant_gun_245_x3,1.409,1.49,0.72,,,,,,,,,,,,,,,,
gun_16_x2_alt_france,,406,gun_16_x2_alt,france,,,,,,,,,,,,,,,,,dant_gun_245_x2,1.5,1.581,0.93,,,,,,,,,,,,,,,,
gun_16_x3_alt_france,,406,gun_16_x3_alt,france,,,,,,,,,,,,,,,,,dant_gun_245_x3,1.5,1.581,0.75,,,,,,,,,,,,,,,,
gun_17_x2_alt_france,,432,gun_17_x2_alt,france,,,,,,,,,,,,,,,,,,,,,,,,,,,,,,,,,,,,
gun_17_x3_alt_france,,432,gun_17_x3_alt,france,,,,,,,,,,,,,,,,,,,,,,,,,,,,,,,,,,,,
gun_18_x2_alt_france,,457,gun_18_x2_alt,france,,,,,,,,,,,,,,,,,,,,,,,,,,,,,,,,,,,,
gun_18_x3_alt_france,,457,gun_18_x3_alt,france,,,,,,,,,,,,,,,,,,,,,,,,,,,,,,,,,,,,
gun_19_x2_alt_france,,483,gun_19_x2_alt,france,,,,,,,,,,,,,,,,,,,,,,,,,,,,,,,,,,,,
gun_19_x3_alt_france,,483,gun_19_x3_alt,france,,,,,,,,,,,,,,,,,,,,,,,,,,,,,,,,,,,,
gun_20_x2_alt_france,,508,gun_20_x2_alt,france,,,,,,,,,,,,,,,,,,,,,,,,,,,,,,,,,,,,
gun_20_x3_alt_france,,508,gun_20_x3_alt,france,,,,,,,,,,,,,,,,,,,,,,,,,,,,,,,,,,,,
###,,,###,,,,,,,,,,,,,,,,,,,,,,,,,,,,,,,,,,,,,
gun_2_x1_alt_russia,,51,gun_2_x1_alt,russia,,,,,0.92,50,,,,0.92,50,,,,0.92,55,ussr_gun_50_x1,0.337,0.4715,0.92,55,ussr_gun_50_x1,0.337,0.4715,0.92,60,,,,,,,,,,
gun_2_x2_alt_russia,,51,gun_2_x2_alt,russia,,,,,0.7,50,,,,0.7,50,,,,0.7,55,ussr_gun_100_x2,0.337,0.4715,0.7,55,ussr_gun_100_x2,0.337,0.4715,0.7,60,,,,,,,,,,
gun_2_x3_alt_russia,,51,gun_2_x3_alt,russia,,,,,0.55,50,,,,0.55,50,,,,0.55,55,ussr_gun_100_x3,0.337,0.4715,0.55,55,ussr_gun_100_x3,0.337,0.4715,0.55,60,,,,,,,,,,
gun_2_x4_alt_russia,,51,gun_2_x4_alt,russia,,,,,0.5,50,,,,0.5,50,,,,0.5,55,,,,0.5,55,,,,0.5,60,,,,,,,,,,
gun_3_x1_alt_russia,,76,gun_3_x1_alt,russia,,,,,1,45,,,,1,50,,,,1,55,ussr_gun_50_x1,0.4915,0.626,1,55,ussr_gun_50_x1,0.4915,0.626,1,55,,,,,,,,,,
gun_3_x2_alt_russia,,76,gun_3_x2_alt,russia,,,,,1.08,45,,,,1.08,50,,,,1.08,55,akizuki_gun_b_127_x2,0.4915,0.626,1.08,55,akizuki_gun_b_127_x2,0.4915,0.626,1.08,55,,,,,,,,,,
gun_3_x3_alt_russia,,76,gun_3_x3_alt,russia,,,,,0.83,45,,,,0.83,50,,,,0.83,55,akizuki_gun_b_127_x3,0.4915,0.626,0.83,55,akizuki_gun_b_127_x3,0.4915,0.626,0.83,55,,,,,,,,,,
gun_3_x4_alt_russia,,76,gun_3_x4_alt,russia,,,,,0.74,45,,,,0.74,50,,,,0.74,55,,,,0.74,55,,,,0.74,55,,,,,,,,,,
gun_4_x1_alt_russia,,102,gun_4_x1_alt,russia,,,,,1.1,45,small_gun_e_76_x1,1.19,1.305,1.1,50,small_gun_e_76_x1,1.19,1.305,1.1,55,ussr_gun_406_x1,0.295,0.34,1.1,55,ussr_gun_406_x1,0.295,0.34,1.1,55,,,,,,,,,,
gun_4_x2_alt_russia,,102,gun_4_x2_alt,russia,,,,,1.28,45,,,,1.28,50,,,,1.28,55,ussr_gun_50_x2,0.646,0.7805,1.28,55,ussr_gun_50_x2,0.646,0.7805,1.28,55,,,,,,,,,,
gun_4_x3_alt_russia,,102,gun_4_x3_alt,russia,,,,,1,45,,,,1,50,,,,1,55,ussr_gun_50_x3,0.646,0.7805,1,55,ussr_gun_50_x3,0.646,0.7805,1,55,,,,,,,,,,
gun_5_x1_alt_russia,,127,gun_5_x1_alt,russia,,,,,0.85,45,bouvet_gun_138_x1,0.998,1.16,0.85,50,,,,0.85,55,ussr_gun_406_x1,0.345,0.39,0.85,55,ussr_gun_406_x1,0.345,0.39,0.85,55,,,,,,,,,,
gun_5_x2_alt_russia,,127,gun_5_x2_alt,russia,,maine_gun_152_x2,1.146,1.34,0.95,45,bouvet_gun_138_x2,0.998,1.16,0.95,50,,,,0.95,55,bismarck_gun_b_150_x2,0.8005,0.935,0.95,55,bismarck_gun_b_150_x2,0.8005,0.935,0.95,55,,,,,,,,,,
gun_5_x3_alt_russia,,127,gun_5_x3_alt,russia,,maine_gun_152_x3,1.146,1.34,0.75,45,spee_gun_150_x3,1.004,1.13,0.75,50,,,,0.75,55,bismarck_gun_b_150_x3,0.8005,0.935,0.75,55,bismarck_gun_b_150_x3,0.8005,0.935,0.75,55,,,,,,,,,,
gun_6_x1_alt_russia,,151,gun_6_x1_alt,russia,,,,,0.75,45,bouvet_gun_138_x1,1.18,1.342,0.75,,,,,0.75,50,ussr_gun_406_x1,0.396,0.44,0.75,50,ussr_gun_406_x1,0.396,0.44,0.75,,,,,,,,,,,
gun_6_x2_alt_russia,,152,gun_6_x2_alt,russia,,friedrich_gun_228_x2,0.643,0.7212,0.86,45,bouvet_gun_138_x2,1.18,1.342,0.86,,agamemnon_gun_b_228_x2,1.128,1.234,0.86,50,mont_gun_152_x2,1.057,1.167,0.86,50,mont_gun_152_x2,1.057,1.167,0.86,,,,,,,,,,,
gun_6_x3_alt_russia,,152,gun_6_x3_alt,russia,,friedrich_gun_228_x3,0.643,0.7212,0.66,45,spee_gun_150_x3,1.195,1.28,0.66,,agamemnon_gun_b_228_x3,1.128,1.234,0.66,50,ussr_gun_152_x3,0.955,1.0895,0.66,50,ussr_gun_152_x3,0.955,1.0895,0.66,,,,,,,,,,,
gun_7_x2_alt_russia,,178,gun_7_x2_alt,russia,,friedrich_gun_228_x2,0.7312,0.8094,0.9,45,agamemnon_gun_b_228_x2,1.238,1.344,0.9,,agamemnon_gun_b_228_x2,1.238,1.344,0.9,50,mont_gun_152_x2,1.1,1.185,0.9,50,mont_gun_152_x2,1.1,1.185,0.9,,,,,,,,,,,
gun_7_x3_alt_russia,,178,gun_7_x3_alt,russia,,friedrich_gun_228_x3,0.7312,0.8094,0.705,45,agamemnon_gun_b_228_x3,1.238,1.344,0.705,,agamemnon_gun_b_228_x3,1.238,1.344,0.705,50,ussr_gun_152_x3,1.1095,1.244,0.705,50,ussr_gun_152_x3,1.1095,1.244,0.705,,,,,,,,,,,
gun_8_x2_alt_russia,,203,gun_8_x2_alt,russia,,friedrich_gun_228_x2,0.8194,0.8976,0.88,45,agamemnon_gun_b_228_x2,1.348,1.454,0.88,,yamato_gun_b_460_x1,0.525,0.582,0.88,50,yamato_gun_b_460_x1,0.525,0.582,0.88,50,yamato_gun_b_460_x1,0.525,0.582,0.88,,,,,,,,,,,
gun_8_x3_alt_russia,,203,gun_8_x3_alt,russia,,friedrich_gun_228_x3,0.8194,0.8976,0.69,45,agamemnon_gun_b_228_x3,1.348,1.454,0.69,,yamato_gun_b_460_x2,0.525,0.582,0.69,50,yamato_gun_b_460_x2,0.525,0.582,0.69,50,yamato_gun_b_460_x2,0.525,0.582,0.69,,,,,,,,,,,
gun_9_x2_alt_russia,,229,gun_9_x2_alt,russia,,friedrich_gun_228_x2,0.9076,0.9858,0.82,,agamemnon_gun_b_228_x2,1.458,1.544,0.82,,yamato_gun_b_460_x1,0.585,0.641,0.82,,yamato_gun_b_460_x1,0.585,0.641,0.82,50,yamato_gun_b_460_x1,0.585,0.641,0.82,,,,,,,,,,,
gun_9_x3_alt_russia,,229,gun_9_x3_alt,russia,,friedrich_gun_228_x3,0.9076,0.9858,0.64,,agamemnon_gun_b_228_x3,1.458,1.544,0.64,,yamato_gun_b_460_x2,0.585,0.641,0.64,,yamato_gun_b_460_x2,0.585,0.641,0.64,50,yamato_gun_b_460_x2,0.585,0.641,0.64,,,,,,,,,,,
gun_10_x2_alt_russia,,254,gun_10_x2_alt,russia,,bouvet_gun_305_x2,1.192,1.3,0.9,,agamemnon_gun_b_228_x2,1.548,1.624,0.9,,yamato_gun_b_460_x1,0.645,0.7,0.9,,yamato_gun_b_460_x1,0.645,0.7,0.9,50,yamato_gun_b_460_x1,0.645,0.7,0.9,,,,,,,,,,,
gun_10_x3_alt_russia,,254,gun_10_x3_alt,russia,,tsesarevich_gun_305_x3,0.954,1.035,0.68,,agamemnon_gun_b_228_x3,1.548,1.624,0.68,,yamato_gun_b_460_x2,0.645,0.7,0.68,,yamato_gun_b_460_x2,0.645,0.7,0.68,50,yamato_gun_b_460_x2,0.645,0.7,0.68,,,,,,,,,,,
gun_11_x2_alt_russia,,279,gun_11_x2_alt,russia,,bouvet_gun_305_x2,1.31,1.418,0.82,,dreadnought_gun_305_x2,1.045,1.126,0.82,,ussr_gun_406_x2,0.645,0.69,0.82,,ussr_gun_406_x2,0.645,0.69,0.82,50,ussr_gun_406_x2,0.645,0.69,0.82,,,,,,,,,,,
gun_11_x3_alt_russia,,279,gun_11_x3_alt,russia,,tsesarevich_gun_305_x3,1.045,1.126,0.66,,dreadnought_gun_305_x3,1.045,1.126,0.66,,ussr_gun_406_x3,0.645,0.69,0.66,,ussr_gun_406_x3,0.645,0.69,0.66,50,ussr_gun_406_x3,0.645,0.69,0.66,,,,,,,,,,,
gun_12_x2_alt_russia,,305,gun_12_x2_alt,russia,,dante_gun_305_x2,1.136,1.217,0.82,,dreadnought_gun_305_x2,1.136,1.217,0.82,,ussr_gun_406_x2,0.695,0.74,0.82,,ussr_gun_406_x2,0.695,0.74,0.82,45,ussr_gun_406_x2,0.695,0.74,0.82,,,,,,,,,,,
gun_12_x3_alt_russia,,305,gun_12_x3_alt,russia,,tsesarevich_gun_305_x3,1.136,1.217,0.66,,dreadnought_gun_305_x3,1.136,1.217,0.66,,ussr_gun_406_x3,0.695,0.74,0.66,,ussr_gun_406_x3,0.695,0.74,0.66,45,ussr_gun_406_x3,0.695,0.74,0.66,,,,,,,,,,,
gun_13_x2_alt_russia,,330,gun_13_x2_alt,russia,,dante_gun_305_x2,1.227,1.308,0.88,,dreadnought_gun_305_x2,1.227,1.308,0.88,,ussr_gun_406_x2,0.745,0.79,0.88,,ussr_gun_406_x2,0.745,0.79,0.88,45,ussr_gun_406_x2,0.745,0.79,0.88,,,,,,,,,,,
gun_13_x3_alt_russia,,330,gun_13_x3_alt,russia,,tsesarevich_gun_305_x3,1.227,1.308,0.705,,dreadnought_gun_305_x3,1.227,1.308,0.705,,ussr_gun_406_x3,0.745,0.79,0.705,,ussr_gun_406_x3,0.745,0.79,0.705,45,ussr_gun_406_x3,0.745,0.79,0.705,,,,,,,,,,,
gun_14_x2_alt_russia,,330,gun_14_x2_alt,russia,,dante_gun_305_x2,1.318,1.399,0.88,,dreadnought_gun_305_x2,1.318,1.399,0.88,,ussr_gun_406_x2,0.795,0.84,0.88,,spee_gun_280_x2_a,1.1454,1.2127,0.88,45,spee_gun_280_x2_a,1.1454,1.2127,0.88,,,,,,,,,,,
gun_14_x3_alt_russia,,330,gun_14_x3_alt,russia,,tsesarevich_gun_305_x3,1.318,1.399,0.705,,dreadnought_gun_305_x3,1.318,1.399,0.705,,ussr_gun_406_x3,0.795,0.84,0.705,,spee_gun_280_x3_a,1.1454,1.2127,0.705,45,spee_gun_280_x3_a,1.1454,1.2127,0.705,,,,,,,,,,,
gun_15_x2_alt_russia,,381,gun_15_x2_alt,russia,,dante_gun_305_x2,1.409,1.49,0.9,,dreadnought_gun_305_x2,1.409,1.49,0.9,,ussr_gun_406_x2,0.845,0.89,0.9,,spee_gun_280_x2_a,1.2227,1.29,0.9,45,spee_gun_280_x2_a,1.2227,1.29,0.9,,,,,,,,,,,
gun_15_x3_alt_russia,,381,gun_15_x3_alt,russia,,tsesarevich_gun_305_x3,1.409,1.49,0.72,,dreadnought_gun_305_x3,1.409,1.49,0.72,,ussr_gun_406_x3,0.845,0.89,0.72,,spee_gun_280_x3_a,1.2227,1.29,0.72,45,spee_gun_280_x3_a,1.2227,1.29,0.72,,,,,,,,,,,
gun_16_x2_alt_russia,,406,gun_16_x2_alt,russia,,dante_gun_305_x2,1.5,1.581,0.93,,dreadnought_gun_305_x2,1.5,1.581,0.93,,ussr_gun_406_x2,0.895,0.94,0.93,,spee_gun_280_x2_a,1.3,1.3673,0.93,45,spee_gun_280_x2_a,1.3,1.3673,0.93,,,,,,,,,,,
gun_16_x3_alt_russia,,406,gun_16_x3_alt,russia,,tsesarevich_gun_305_x3,1.5,1.581,0.75,,dreadnought_gun_305_x3,1.5,1.581,0.75,,ussr_gun_406_x3,0.895,0.94,0.75,,spee_gun_280_x3_a,1.3,1.3673,0.75,45,spee_gun_280_x3_a,1.3,1.3673,0.75,,,,,,,,,,,
gun_17_x2_alt_russia,,432,gun_17_x2_alt,russia,,dreadnought_gun_b_305_x2,1.585,1.655,0.95,,dreadnought_gun_b_305_x2,1.591,1.672,0.95,,yamato_gun_460_x2,0.945,0.99,0.95,,yamato_gun_b_460_x2,0.945,0.99,0.95,45,yamato_gun_b_460_x2,0.945,0.99,0.95,,,,,,,,,,,
gun_17_x3_alt_russia,,432,gun_17_x3_alt,russia,,dreadnought_gun_b_305_x3,1.585,1.655,0.775,,dreadnought_gun_b_305_x3,1.591,1.672,0.775,,yamato_gun_460_x3,0.945,0.99,0.775,,yamato_gun_b_460_x3,0.945,0.99,0.775,45,yamato_gun_b_460_x3,0.945,0.99,0.775,,,,,,,,,,,
gun_18_x2_alt_russia,,457,gun_18_x2_alt,russia,,dreadnought_gun_b_305_x2,1.66,1.73,0.985,,dreadnought_gun_b_305_x2,1.682,1.763,0.985,,yamato_gun_460_x2,0.995,1.04,0.985,,yamato_gun_b_460_x2,0.995,1.04,0.985,45,yamato_gun_b_460_x2,0.995,1.04,0.985,,,,,,,,,,,
gun_18_x3_alt_russia,,457,gun_18_x3_alt,russia,,dreadnought_gun_b_305_x3,1.66,1.73,0.81,,dreadnought_gun_b_305_x3,1.682,1.763,0.81,,yamato_gun_460_x3,0.995,1.04,0.81,,yamato_gun_b_460_x3,0.995,1.04,0.81,45,yamato_gun_b_460_x3,0.995,1.04,0.81,,,,,,,,,,,
gun_19_x2_alt_russia,,483,gun_19_x2_alt,russia,,,,,0.95,,,,,0.95,,,,,0.95,,,,,0.95,,,,,0.95,,,,,,,,,,,
gun_19_x3_alt_russia,,483,gun_19_x3_alt,russia,,,,,0.78,,,,,0.78,,,,,0.78,,,,,0.78,,,,,0.78,,,,,,,,,,,
gun_20_x2_alt_russia,,508,gun_20_x2_alt,russia,,,,,0.85,,,,,0.85,,,,,0.85,,,,,0.85,,,,,0.85,,,,,,,,,,,
gun_20_x3_alt_russia,,508,gun_20_x3_alt,russia,,,,,0.7,,,,,0.7,,,,,0.7,,,,,0.7,,,,,0.7,,,,,,,,,,,
###,,,###,,,,,,,,,,,,,,,,,,,,,,,,,,,,,,,,,,,,,
gun_2_x1_alt_austria,,51,gun_2_x1_alt,austria,,,,,0.92,50,,,,0.92,50,,,,0.92,55,,,,0.92,55,,,,0.92,60,,,,,,,,,,
gun_2_x2_alt_austria,,51,gun_2_x2_alt,austria,,,,,0.7,50,,,,0.7,50,,,,0.7,55,,,,0.7,55,,,,0.7,60,,,,,,,,,,
gun_2_x3_alt_austria,,51,gun_2_x3_alt,austria,,,,,0.55,50,,,,0.55,50,,,,0.55,55,,,,0.55,55,,,,0.55,60,,,,,,,,,,
gun_2_x4_alt_austria,,51,gun_2_x4_alt,austria,,,,,0.5,50,,,,0.5,50,,,,0.5,55,,,,0.5,55,,,,0.5,60,,,,,,,,,,
gun_3_x1_alt_austria,,76,gun_3_x1_alt,austria,,,,,1,45,,,,1,50,spee_gun_150_x1,0.732,0.858,1,55,bismarck_gun_105_x1,0.732,0.858,1,55,bismarck_gun_105_x1,0.732,0.858,1,55,,,,,,,,,,
gun_3_x2_alt_austria,,76,gun_3_x2_alt,austria,,,,,1.08,45,,,,1.08,50,spee_gun_150_x2,0.732,0.858,1.08,55,bismarck_gun_105_x2,0.732,0.858,1.08,55,bismarck_gun_105_x2,0.732,0.858,1.08,55,,,,,,,,,,
gun_3_x3_alt_austria,,76,gun_3_x3_alt,austria,,,,,0.83,45,,,,0.83,50,spee_gun_150_x3,0.732,0.858,0.83,55,bismarck_gun_105_x3,0.732,0.858,0.83,55,bismarck_gun_105_x3,0.732,0.858,0.83,55,,,,,,,,,,
gun_3_x4_alt_austria,,76,gun_3_x4_alt,austria,,,,,0.74,45,,,,0.74,50,,,,0.74,55,,,,0.74,55,,,,0.74,55,,,,,,,,,,
gun_4_x1_alt_austria,,102,gun_4_x1_alt,austria,,,,,1.1,45,vdt_gun_200_x1,0.7632,0.8632,1.1,50,spee_gun_150_x1,0.868,0.994,1.1,55,bismarck_gun_105_x1,0.868,0.994,1.1,55,bismarck_gun_105_x1,0.868,0.994,1.1,55,,,,,,,,,,
gun_4_x2_alt_austria,,102,gun_4_x2_alt,austria,,,,,1.28,45,vdt_gun_200_x2,0.7632,0.8632,1.28,50,spee_gun_150_x2,0.868,0.994,1.28,55,bismarck_gun_105_x2,0.868,0.994,1.28,55,bismarck_gun_105_x2,0.868,0.994,1.28,55,,,,,,,,,,
gun_4_x3_alt_austria,,102,gun_4_x3_alt,austria,,,,,1,45,,,,1,50,spee_gun_150_x3,0.868,0.994,1,55,bismarck_gun_105_x3,0.868,0.994,1,55,bismarck_gun_105_x3,0.868,0.994,1,55,,,,,,,,,,
gun_5_x1_alt_austria,,127,gun_5_x1_alt,austria,,,,,0.85,45,vdt_gun_200_x1,0.8746,0.9746,0.85,50,spee_gun_150_x1,1.004,1.13,0.85,55,,,,0.85,55,,,,0.85,55,,,,,,,,,,
gun_5_x2_alt_austria,,127,gun_5_x2_alt,austria,,,,,0.95,45,vdt_gun_200_x2,0.8746,0.9746,0.95,50,spee_gun_150_x2,1.004,1.13,0.95,55,de_Ruyter_gun_150_x2,0.8005,0.935,0.95,55,de_Ruyter_gun_150_x2,0.8005,0.935,0.95,55,,,,,,,,,,
gun_5_x3_alt_austria,,127,gun_5_x3_alt,austria,,,,,0.75,45,,,,0.75,50,spee_gun_150_x3,1.004,1.13,0.75,55,de_Ruyter_gun_150_x3,0.8005,0.935,0.75,55,de_Ruyter_gun_150_x3,0.8005,0.935,0.75,55,,,,,,,,,,
gun_6_x1_alt_austria,,151,gun_6_x1_alt,austria,,,,,0.75,45,vdt_gun_200_x1,0.986,1.086,0.75,,,,,0.75,50,,,,0.75,50,,,,0.75,,,,,,,,,,,
gun_6_x2_alt_austria,,152,gun_6_x2_alt,austria,,friedrich_gun_228_x2,0.643,0.7212,0.86,45,vdt_gun_200_x2,0.986,1.086,0.86,,nelson_gun_b_152_x2,0.955,1.0895,0.86,50,bismarck_gun_b_150_x2,0.955,1.0895,0.86,50,bismarck_gun_b_150_x2,0.955,1.0895,0.86,,,,,,,,,,,
gun_6_x3_alt_austria,,152,gun_6_x3_alt,austria,,friedrich_gun_228_x3,0.643,0.7212,0.66,45,,,,0.66,,bismarck_gun_b_150_x3,0.955,1.0895,0.66,50,bismarck_gun_b_150_x3,0.955,1.0895,0.66,50,bismarck_gun_b_150_x3,0.955,1.0895,0.66,,,,,,,,,,,
gun_7_x2_alt_austria,,178,gun_7_x2_alt,austria,,friedrich_gun_228_x2,0.7312,0.8094,0.9,45,vdt_gun_200_x2,1.0974,1.1974,0.9,,nelson_gun_b_152_x2,1.1095,1.244,0.9,50,bismarck_gun_b_150_x2,1.1095,1.244,0.9,50,bismarck_gun_b_150_x2,1.1095,1.244,0.9,,,,,,,,,,,
gun_7_x3_alt_austria,,178,gun_7_x3_alt,austria,,friedrich_gun_228_x3,0.7312,0.8094,0.705,45,,,,0.705,,bismarck_gun_b_150_x3,1.1095,1.244,0.705,50,bismarck_gun_b_150_x3,1.1095,1.244,0.705,50,bismarck_gun_b_150_x3,1.1095,1.244,0.705,,,,,,,,,,,
gun_8_x2_alt_austria,,203,gun_8_x2_alt,austria,,friedrich_gun_228_x2,0.8194,0.8976,0.88,45,vdt_gun_200_x2,1.2088,1.3088,0.88,,nelson_gun_b_152_x2,1.264,1.3985,0.88,50,bismarck_gun_b_150_x2,1.264,1.3985,0.88,50,bismarck_gun_b_150_x2,1.264,1.3985,0.88,,,,,,,,,,,
gun_8_x3_alt_austria,,203,gun_8_x3_alt,austria,,friedrich_gun_228_x3,0.8194,0.8976,0.69,45,,,,0.69,,bismarck_gun_b_150_x3,1.264,1.3985,0.69,50,bismarck_gun_b_150_x3,1.264,1.3985,0.69,50,bismarck_gun_b_150_x3,1.264,1.3985,0.69,,,,,,,,,,,
gun_9_x2_alt_austria,,229,gun_9_x2_alt,austria,,friedrich_gun_228_x2,0.9076,0.9858,0.82,,dido_gun_cal200_x2,0.987,1.086,0.82,,vdt_gun_280_x2,0.8513,0.9304,0.82,,spee_gun_var_280_x2,0.7589,0.8262,0.82,50,spee_gun_var_280_x2,0.7589,0.8262,0.82,,,,,,,,,,,
gun_9_x3_alt_austria,,229,gun_9_x3_alt,austria,,friedrich_gun_228_x3,0.9076,0.9858,0.64,,dido_gun_cal200_x3,0.987,1.086,0.64,,vdt_gun_280_x3,0.8513,0.9304,0.64,,spee_gun_var_280_x3,0.7589,0.8262,0.64,50,spee_gun_var_280_x3,0.7589,0.8262,0.64,,,,,,,,,,,
gun_10_x2_alt_austria,,254,gun_10_x2_alt,austria,,brandenburg_gun_279_x2,0.979,1.06,0.9,,dido_gun_cal200_x2,1.096,1.195,0.9,,vdt_gun_280_x2,0.9404,1.0195,0.9,,spee_gun_var_280_x2,0.8362,0.9035,0.9,50,spee_gun_var_280_x2,0.8362,0.9035,0.9,,,,,,,,,,,
gun_10_x3_alt_austria,,254,gun_10_x3_alt,austria,,brandenburg_gun_279_x3,0.979,1.06,0.68,,dido_gun_cal200_x3,1.096,1.195,0.68,,vdt_gun_280_x3,0.9404,1.0195,0.68,,spee_gun_var_280_x3,0.8362,0.9035,0.68,50,spee_gun_var_280_x3,0.8362,0.9035,0.68,,,,,,,,,,,
gun_11_x2_alt_austria,,279,gun_11_x2_alt,austria,,brandenburg_gun_279_x2,1.07,1.151,0.82,,dido_gun_cal200_x2,1.205,1.304,0.82,,vdt_gun_280_x2,1.0295,1.1086,0.82,,spee_gun_var_280_x2,0.9135,0.9808,0.82,50,spee_gun_var_280_x2,0.9135,0.9808,0.82,,,,,,,,,,,
gun_11_x3_alt_austria,,279,gun_11_x3_alt,austria,,brandenburg_gun_279_x3,1.07,1.151,0.66,,dido_gun_cal200_x3,1.205,1.304,0.66,,vdt_gun_280_x3,1.0295,1.1086,0.66,,spee_gun_var_280_x3,0.9135,0.9808,0.66,50,spee_gun_var_280_x3,0.9135,0.9808,0.66,,,,,,,,,,,
gun_12_x2_alt_austria,,305,gun_12_x2_alt,austria,,brandenburg_gun_279_x2,1.161,1.242,0.82,,teg_gun_305_x2,1.1186,1.1977,0.82,,teg_gun_305_x2,1.1186,1.1977,0.82,,spee_gun_var_280_x2,0.9908,1.0581,0.82,45,spee_gun_var_280_x2,0.9908,1.0581,0.82,,,,,,,,,,,
gun_12_x3_alt_austria,,305,gun_12_x3_alt,austria,,brandenburg_gun_279_x3,1.161,1.242,0.66,,teg_gun_305_x3,1.1186,1.1977,0.66,,teg_gun_305_x3,1.1186,1.1977,0.66,,spee_gun_var_280_x3,0.9908,1.0581,0.66,45,spee_gun_var_280_x3,0.9908,1.0581,0.66,,,,,,,,,,,
gun_13_x2_alt_austria,,330,gun_13_x2_alt,austria,,friedrich_gun_305_x2,1.2161,1.2924,0.88,,teg_gun_305_x2,1.2077,1.2868,0.88,,teg_gun_305_x2,1.2077,1.2868,0.88,,spee_gun_var_280_x2,1.0681,1.1354,0.88,45,spee_gun_var_280_x2,1.0681,1.1354,0.88,,,,,,,,,,,
gun_13_x3_alt_austria,,330,gun_13_x3_alt,austria,,friedrich_gun_305_x3,1.2161,1.2924,0.705,,teg_gun_305_x3,1.2077,1.2868,0.705,,teg_gun_305_x3,1.2077,1.2868,0.705,,spee_gun_var_280_x3,1.0681,1.1354,0.705,45,spee_gun_var_280_x3,1.0681,1.1354,0.705,,,,,,,,,,,
gun_14_x2_alt_austria,,356,gun_14_x2_alt,austria,,friedrich_gun_305_x2,1.3024,1.3787,0.88,,teg_gun_305_x2,1.2968,1.3759,0.88,,teg_gun_305_x2,1.2968,1.3759,0.88,,spee_gun_var_280_x2,1.1454,1.2127,0.88,45,spee_gun_var_280_x2,1.1454,1.2127,0.88,,,,,,,,,,,
gun_14_x3_alt_austria,,356,gun_14_x3_alt,austria,,friedrich_gun_305_x3,1.3024,1.3787,0.705,,teg_gun_305_x3,1.2968,1.3759,0.705,,teg_gun_305_x3,1.2968,1.3759,0.705,,spee_gun_var_280_x3,1.1454,1.2127,0.705,45,spee_gun_var_280_x3,1.1454,1.2127,0.705,,,,,,,,,,,
gun_15_x2_alt_austria,,381,gun_15_x2_alt,austria,,friedrich_gun_305_x2,1.3887,1.465,0.9,,teg_gun_305_x2,1.3859,1.465,0.9,,teg_gun_305_x2,1.3859,1.465,0.9,,spee_gun_var_280_x2,1.2227,1.29,0.9,45,spee_gun_var_280_x2,1.2227,1.29,0.9,,,,,,,,,,,
gun_15_x3_alt_austria,,381,gun_15_x3_alt,austria,,friedrich_gun_305_x3,1.3887,1.465,0.72,,teg_gun_305_x3,1.3859,1.465,0.72,,teg_gun_305_x3,1.3859,1.465,0.72,,spee_gun_var_280_x3,1.2227,1.29,0.72,45,spee_gun_var_280_x3,1.2227,1.29,0.72,,,,,,,,,,,
gun_16_x2_alt_austria,,406,gun_16_x2_alt,austria,,friedrich_gun_305_x2,1.475,1.5513,0.93,,teg_gun_305_x2,1.475,1.5541,0.93,,teg_gun_305_x2,1.475,1.5541,0.93,,spee_gun_var_280_x2,1.3,1.3673,0.93,45,spee_gun_var_280_x2,1.3,1.3673,0.93,,,,,,,,,,,
gun_16_x3_alt_austria,,406,gun_16_x3_alt,austria,,friedrich_gun_305_x3,1.475,1.5513,0.75,,teg_gun_305_x3,1.475,1.5541,0.75,,teg_gun_305_x3,1.475,1.5541,0.75,,spee_gun_var_280_x3,1.3,1.3673,0.75,45,spee_gun_var_280_x3,1.3,1.3673,0.75,,,,,,,,,,,
gun_17_x2_alt_austria,,432,gun_17_x2_alt,austria,,vdt_gun_280_x2,1.5641,1.6432,0.95,,spee_gun_var_280_x2,1.3773,1.4446,0.95,,spee_gun_var_280_x2,1.3773,1.4446,0.95,,spee_gun_var_280_x2,1.3773,1.4446,0.95,45,spee_gun_var_280_x2,1.3773,1.4446,0.95,,,,,,,,,,,
gun_17_x3_alt_austria,,432,gun_17_x3_alt,austria,,vdt_gun_280_x3,1.5641,1.6432,0.775,,spee_gun_var_280_x3,1.3773,1.4446,0.775,,spee_gun_var_280_x3,1.3773,1.4446,0.775,,spee_gun_var_280_x3,1.3773,1.4446,0.775,45,spee_gun_var_280_x3,1.3773,1.4446,0.775,,,,,,,,,,,
gun_18_x2_alt_austria,,457,gun_18_x2_alt,austria,,vdt_gun_280_x2,1.6532,1.7323,0.985,,spee_gun_var_280_x2,1.4546,1.5219,0.985,,spee_gun_var_280_x2,1.4546,1.5219,0.985,,spee_gun_var_280_x2,1.4546,1.5219,0.985,45,spee_gun_var_280_x2,1.4546,1.5219,0.985,,,,,,,,,,,
gun_18_x3_alt_austria,,457,gun_18_x3_alt,austria,,vdt_gun_280_x3,1.6532,1.7323,0.81,,spee_gun_var_280_x3,1.4546,1.5219,0.81,,spee_gun_var_280_x3,1.4546,1.5219,0.81,,spee_gun_var_280_x3,1.4546,1.5219,0.81,45,spee_gun_var_280_x3,1.4546,1.5219,0.81,,,,,,,,,,,
gun_19_x2_alt_austria,,483,gun_19_x2_alt,austria,,,,,0.95,,,,,0.95,,,,,0.95,,,,,0.95,,,,,0.95,,,,,,,,,,,
gun_19_x3_alt_austria,,483,gun_19_x3_alt,austria,,,,,0.78,,,,,0.78,,,,,0.78,,,,,0.78,,,,,0.78,,,,,,,,,,,
gun_20_x2_alt_austria,,508,gun_20_x2_alt,austria,,,,,0.85,,,,,0.85,,,,,0.85,,,,,0.85,,,,,0.85,,,,,,,,,,,
gun_20_x3_alt_austria,,508,gun_20_x3_alt,austria,,,,,0.7,,,,,0.7,,,,,0.7,,,,,0.7,,,,,0.7,,,,,,,,,,,
###,,,###,,,,,,,,,,,,,,,,,,,,,,,,,,,,,,,,,,,,,
gun_2_x1_alt_china,,51,gun_2_x1_alt,china,,,,,0.92,50,,,,0.92,50,,,,0.92,55,,,,0.92,55,,,,0.92,60,,,,,,,,,,
gun_2_x2_alt_china,,51,gun_2_x2_alt,china,,,,,0.7,50,,,,0.7,50,,,,0.7,55,,,,0.7,55,,,,0.7,60,,,,,,,,,,
gun_2_x3_alt_china,,51,gun_2_x3_alt,china,,,,,0.55,50,,,,0.55,50,,,,0.55,55,,,,0.55,55,,,,0.55,60,,,,,,,,,,
gun_2_x4_alt_china,,51,gun_2_x4_alt,china,,,,,0.5,50,,,,0.5,50,,,,0.5,55,,,,0.5,55,,,,0.5,60,,,,,,,,,,
gun_3_x1_alt_china_dd,,76,gun_3_x1_alt,china,"dd, tb",,,,1,45,,,,1,50,,,,1,55,,,,1,55,,,,1,55,,,,,,,,,,
gun_3_x2_alt_china_dd,,76,gun_3_x2_alt,china,"dd, tb",maine_gun_152_x2,0.718,0.912,1.08,45,pen_gun_127_x2,0.815,1.04,1.08,50,dreadnought_gun_178_x2,0.732,0.858,1.08,55,tribal_gun_100b_x2,1.1,1.19,1.08,55,tribal_gun_100b_x2,1.1,1.19,1.08,55,,,,,,,,,,
gun_3_x3_alt_china_dd,,76,gun_3_x3_alt,china,"dd, tb",maine_gun_152_x3,0.718,0.912,0.83,45,pen_gun_127_x3,0.815,1.04,0.83,50,dreadnought_gun_178_x3,0.732,0.858,0.83,55,ussr_gun_50_x3,0.4915,0.626,0.83,55,ussr_gun_50_x3,0.4915,0.626,0.83,55,,,,,,,,,,
gun_3_x4_alt_china_dd,,76,gun_3_x4_alt,china,"dd, tb",,,,0.74,45,,,,0.74,50,,,,0.74,55,,,,0.74,55,,,,0.74,55,,,,,,,,,,
gun_3_x1_alt_china,,76,gun_3_x1_alt,china,"cl, ca, bb, bc",,,,1,45,,,,1,50,,,,1,55,,,,1,55,,,,1,55,,,,,,,,,,
gun_3_x2_alt_china,,76,gun_3_x2_alt,china,"cl, ca, bb, bc",maine_gun_152_x2,0.718,0.912,1.08,45,pen_gun_127_x2,0.815,1.04,1.08,50,dreadnought_gun_178_x2,0.732,0.858,1.08,55,,,,1.08,55,,,,1.08,55,,,,,,,,,,
gun_3_x3_alt_china,,76,gun_3_x3_alt,china,"cl, ca, bb, bc",maine_gun_152_x3,0.718,0.912,0.83,45,pen_gun_127_x3,0.815,1.04,0.83,50,dreadnought_gun_178_x3,0.732,0.858,0.83,55,,,,0.83,55,,,,0.83,55,,,,,,,,,,
gun_3_x4_alt_china,,76,gun_3_x4_alt,china,"cl, ca, bb, bc",,,,0.74,45,,,,0.74,50,,,,0.74,55,bofors_gun_40_x6,0.732,0.858,0.74,55,bofors_gun_40_x6,0.732,0.858,0.74,55,,,,,,,,,,
gun_4_x1_alt_china_dd,,102,gun_4_x1_alt,china,"dd, tb",,,,1.1,45,,,,1.1,50,,,,1.1,55,daring_gun_114_x1,0.9,0.99,1.1,55,daring_gun_114_x1,0.9,0.99,1.1,55,,,,,,,,,,
gun_4_x2_alt_china_dd,,102,gun_4_x2_alt,china,"dd, tb",maine_gun_152_x2,0.932,1.126,1.28,45,pen_gun_127_x2,1.06,1.285,1.28,50,dreadnought_gun_178_x2,0.868,0.994,1.28,55,daring_gun_114_x2,1,1.09,1.28,55,daring_gun_114_x2,1,1.09,1.28,55,,,,,,,,,,
gun_4_x3_alt_china_dd,,102,gun_4_x3_alt,china,"dd, tb",maine_gun_152_x3,0.932,1.126,1,45,pen_gun_127_x3,1.06,1.285,1,50,dreadnought_gun_178_x3,0.868,0.994,1,55,daring_gun_114_x3,1.1,1.19,1,55,daring_gun_114_x3,1.1,1.19,1,55,,,,,,,,,,
gun_4_x1_alt_china,,102,gun_4_x1_alt,china,"cl, ca, bb, bc",,,,1.1,45,,,,1.1,50,,,,1.1,55,,,,1.1,55,,,,1.1,55,,,,,,,,,,
gun_4_x2_alt_china,,102,gun_4_x2_alt,china,"cl, ca, bb, bc",maine_gun_152_x2,0.932,1.126,1.28,45,pen_gun_127_x2,1.06,1.285,1.28,50,dreadnought_gun_178_x2,0.868,0.994,1.28,55,qe_gun_114_x2,0.868,0.994,1.28,55,qe_gun_114_x2,0.868,0.994,1.28,55,,,,,,,,,,
gun_4_x3_alt_china,,102,gun_4_x3_alt,china,"cl, ca, bb, bc",maine_gun_152_x3,0.932,1.126,1,45,pen_gun_127_x3,1.06,1.285,1,50,dreadnought_gun_178_x3,0.868,0.994,1,55,qe_gun_114_x3,0.868,0.994,1,55,qe_gun_114_x3,0.868,0.994,1,55,,,,,,,,,,
gun_5_x1_alt_china,,127,gun_5_x1_alt,china,,,,,0.85,45,,,,0.85,50,,,,0.85,55,vw_gun_120_x1,1.1,1.2,0.85,55,vw_gun_120_x1,1.1,1.2,0.85,55,,,,,,,,,,
gun_5_x2_alt_china,,127,gun_5_x2_alt,china,,maine_gun_152_x2,1.146,1.34,0.95,45,maine_gun_230_x2,0.868,0.994,0.95,50,dreadnought_gun_178_x2,1.004,1.13,0.95,55,qe_gun_114_x2,1.004,1.13,0.95,55,qe_gun_114_x2,1.004,1.13,0.95,55,,,,,,,,,,
gun_5_x3_alt_china,,127,gun_5_x3_alt,china,,maine_gun_152_x3,1.146,1.34,0.75,45,maine_gun_230_x3,0.868,0.994,0.75,50,dreadnought_gun_178_x3,1.004,1.13,0.75,55,qe_gun_114_x3,1.004,1.13,0.75,55,qe_gun_114_x3,1.004,1.13,0.75,55,,,,,,,,,,
gun_6_x1_alt_china,,151,gun_6_x1_alt,china,,,,,0.75,45,,,,0.75,,,,,0.75,50,,,,0.75,50,,,,0.75,,,,,,,,,,,
gun_6_x2_alt_china,,152,gun_6_x2_alt,china,,maine_gun_254_x2_a,0.65,0.745,0.86,45,maine_gun_230_x2,1.004,1.13,0.86,,dreadnought_gun_178_x2,1.14,1.266,0.86,50,vanguard_gun_133_x2,1.14,1.266,0.86,50,vanguard_gun_133_x2,0.955,1.0895,0.86,,,,,,,,,,,
gun_6_x3_alt_china,,152,gun_6_x3_alt,china,,maine_gun_254_x3_a,0.65,0.745,0.66,45,maine_gun_230_x3,1.004,1.13,0.66,,dreadnought_gun_178_x3,1.14,1.266,0.66,50,vanguard_gun_133_x3,1.14,1.266,0.66,50,vanguard_gun_133_x3,0.955,1.0895,0.66,,,,,,,,,,,
gun_7_x2_alt_china,,178,gun_7_x2_alt,china,,maine_gun_254_x2_a,0.755,0.85,0.9,45,maine_gun_254_x2_b,0.793,0.906,0.9,,mont_gun_152b_x2,1.057,1.167,0.9,50,mont_gun_152b_x2,1.057,1.167,0.9,50,iowa_gun_406_x2,0.445,0.49,0.9,,,,,,,,,,,
gun_7_x3_alt_china,,178,gun_7_x3_alt,china,,maine_gun_254_x3_a,0.755,0.85,0.705,45,maine_gun_254_x3_b,0.793,0.906,0.705,,mont_gun_152b_x3,1.057,1.167,0.705,50,mont_gun_152b_x3,1.057,1.167,0.705,50,iowa_gun_406_x3,0.445,0.49,0.705,,,,,,,,,,,
gun_8_x2_alt_china,,203,gun_8_x2_alt,china,,maine_gun_254_x2_a,0.86,0.955,0.88,45,maine_gun_254_x2_b,0.916,1.029,0.88,,mont_gun_152b_x2,1.184,1.294,0.88,50,mont_gun_152b_x2,1.184,1.294,0.88,50,iowa_gun_406_x2,0.495,0.54,0.88,,,,,,,,,,,
gun_8_x3_alt_china,,203,gun_8_x3_alt,china,,maine_gun_254_x3_a,0.86,0.955,0.69,45,maine_gun_254_x3_b,0.916,1.029,0.69,,mont_gun_152b_x3,1.184,1.294,0.69,50,mont_gun_152b_x3,1.184,1.294,0.69,50,iowa_gun_406_x3,0.495,0.54,0.69,,,,,,,,,,,
gun_9_x2_alt_china,,229,gun_9_x2_alt,china,,maine_gun_254_x2_a,0.965,1.06,0.82,,maine_gun_254_x2_b,1.039,1.152,0.82,,dreadnought_gun_b_305_x2,0.863,0.944,0.82,,ussr_gun_406_x2,0.545,0.59,0.82,50,iowa_gun_406_x2,0.545,0.59,0.82,,,,,,,,,,,
gun_9_x3_alt_china,,229,gun_9_x3_alt,china,,maine_gun_254_x3_a,0.965,1.06,0.64,,maine_gun_254_x3_b,1.039,1.152,0.64,,dreadnought_gun_b_305_x3,0.863,0.944,0.64,,ussr_gun_406_x3,0.545,0.59,0.64,50,iowa_gun_406_x3,0.545,0.59,0.64,,,,,,,,,,,
gun_10_x2_alt_china,,254,gun_10_x2_alt,china,,maine_gun_254_x2_a,1.07,1.165,0.9,,maine_gun_254_x2_b,1.162,1.275,0.9,,dreadnought_gun_b_305_x2,0.954,1.035,0.9,,ussr_gun_406_x2,0.595,0.64,0.9,50,iowa_gun_406_x2,0.595,0.64,0.9,,,,,,,,,,,
gun_10_x3_alt_china,,254,gun_10_x3_alt,china,,maine_gun_254_x3_a,1.07,1.165,0.68,,maine_gun_254_x3_b,1.162,1.275,0.68,,dreadnought_gun_b_305_x3,0.954,1.035,0.68,,ussr_gun_406_x3,0.595,0.64,0.68,50,iowa_gun_406_x3,0.595,0.64,0.68,,,,,,,,,,,
gun_11_x2_alt_china,,279,gun_11_x2_alt,china,,maine_gun_254_x2_a,1.175,1.27,0.82,,maine_gun_254_x2_b,1.285,1.398,0.82,,dreadnought_gun_b_305_x2,1.045,1.126,0.82,,litt_gun_381a_x2,0.759,0.8222,0.82,50,iowa_gun_406_x2,0.645,0.69,0.82,,,,,,,,,,,
gun_11_x3_alt_china,,279,gun_11_x3_alt,china,,maine_gun_254_x3_a,1.175,1.27,0.66,,maine_gun_254_x3_b,1.285,1.398,0.66,,dreadnought_gun_b_305_x3,1.045,1.126,0.66,,litt_gun_381a_x3,0.759,0.8222,0.66,50,iowa_gun_406_x3,0.645,0.69,0.66,,,,,,,,,,,
gun_12_x2_alt_china,,305,gun_12_x2_alt,china,,maine_gun_254_x2_a,1.28,1.375,0.82,,maine_gun_254_x2_b,1.408,1.521,0.82,,dreadnought_gun_b_305_x2,1.136,1.217,0.82,,litt_gun_381a_x2,0.8272,0.8904,0.82,45,litt_gun_381a_x2,0.8272,0.8904,0.82,,,,,,,,,,,
gun_12_x3_alt_china,,305,gun_12_x3_alt,china,,maine_gun_254_x3_a,1.28,1.375,0.66,,maine_gun_254_x3_b,1.408,1.521,0.66,,dreadnought_gun_b_305_x3,1.136,1.217,0.66,,litt_gun_381a_x3,0.8272,0.8904,0.66,45,litt_gun_381a_x3,0.8272,0.8904,0.66,,,,,,,,,,,
gun_13_x2_alt_china,,330,gun_13_x2_alt,china,,maine_gun_254_x2_a,1.385,1.48,0.88,,ny_gun_210_x2,2.0365,2.171,0.88,,dreadnought_gun_b_305_x2,1.227,1.308,0.88,,litt_gun_381a_x2,0.8954,0.9586,0.88,45,litt_gun_381a_x2,0.8954,0.9586,0.88,,,,,,,,,,,
gun_13_x3_alt_china,,330,gun_13_x3_alt,china,,maine_gun_254_x3_a,1.385,1.48,0.705,,ny_gun_210_x3,2.0365,2.171,0.705,,dreadnought_gun_b_305_x3,1.227,1.308,0.705,,litt_gun_381a_x3,0.8954,0.9586,0.705,45,litt_gun_381a_x3,0.8954,0.9586,0.705,,,,,,,,,,,
gun_14_x2_alt_china,,356,gun_14_x2_alt,china,,maine_gun_254_x2_a,1.49,1.585,0.88,,ny_gun_210_x2,2.191,2.3255,0.88,,dreadnought_gun_b_305_x2,1.318,1.399,0.88,,litt_gun_381a_x2,0.9636,1.0268,0.88,45,litt_gun_381a_x2,0.9636,1.0268,0.88,,,,,,,,,,,
gun_14_x3_alt_china,,356,gun_14_x3_alt,china,,maine_gun_254_x3_a,1.49,1.585,0.705,,ny_gun_210_x3,2.191,2.3255,0.705,,dreadnought_gun_b_305_x3,1.318,1.399,0.705,,litt_gun_381a_x3,0.9636,1.0268,0.705,45,litt_gun_381a_x3,0.9636,1.0268,0.705,,,,,,,,,,,
gun_15_x2_alt_china,,381,gun_15_x2_alt,china,,maine_gun_254_x2_a,1.595,1.69,0.9,,ny_gun_210_x2,2.3455,2.48,0.9,,mackensen_gun_350_x2,1.2227,1.29,0.9,,litt_gun_381a_x2,1.0318,1.095,0.9,45,litt_gun_381a_x2,1.0318,1.095,0.9,,,,,,,,,,,
gun_15_x3_alt_china,,381,gun_15_x3_alt,china,,maine_gun_254_x3_a,1.595,1.69,0.72,,ny_gun_210_x3,2.3455,2.48,0.72,,spee_gun_280_x3_a,1.2227,1.29,0.72,,litt_gun_381a_x3,1.0318,1.095,0.72,45,litt_gun_381a_x3,1.0318,1.095,0.72,,,,,,,,,,,
gun_16_x2_alt_china,,406,gun_16_x2_alt,china,,maine_gun_254_x2_a,1.7,1.795,0.93,,ny_gun_210_x2,2.5,2.6345,0.93,,mackensen_gun_350_x2,1.3,1.3673,0.93,,litt_gun_381a_x2,1.1,1.1632,0.93,45,litt_gun_381a_x2,1.1,1.1632,0.93,,,,,,,,,,,
gun_16_x3_alt_china,,406,gun_16_x3_alt,china,,maine_gun_254_x3_a,1.7,1.795,0.75,,ny_gun_210_x3,2.5,2.6345,0.75,,spee_gun_280_x3_a,1.3,1.3673,0.75,,litt_gun_381a_x3,1.1,1.1632,0.75,45,litt_gun_381a_x3,1.1,1.1632,0.75,,,,,,,,,,,
gun_17_x2_alt_china,,432,gun_17_x2_alt,china,,ny_gun_210_x2,2.6545,2.789,0.95,,nelson_gun_406_x2,1.1682,1.2314,0.95,,nelson_gun_406_x2,1.1682,1.2314,0.95,,ussr_gun_406_x2,0.945,0.99,0.95,45,ussr_gun_406_x2,0.945,0.99,0.95,,,,,,,,,,,
gun_17_x3_alt_china,,432,gun_17_x3_alt,china,,ny_gun_210_x3,2.6545,2.789,0.775,,nelson_gun_406_x3,1.1682,1.2314,0.775,,nelson_gun_406_x3,1.1682,1.2314,0.775,,ussr_gun_406_x3,0.945,0.99,0.775,45,ussr_gun_406_x3,0.945,0.99,0.775,,,,,,,,,,,
gun_18_x2_alt_china,,457,gun_18_x2_alt,china,,ny_gun_210_x2,2.809,2.9435,0.985,,nelson_gun_406_x2,1.2364,1.2996,0.985,,nelson_gun_406_x2,1.2364,1.2996,0.985,,ussr_gun_406_x2,0.995,1.04,0.985,45,ussr_gun_406_x2,0.995,1.04,0.985,,,,,,,,,,,
gun_18_x3_alt_china,,457,gun_18_x3_alt,china,,ny_gun_210_x3,2.809,2.9435,0.81,,nelson_gun_406_x3,1.2364,1.2996,0.81,,nelson_gun_406_x3,1.2364,1.2996,0.81,,ussr_gun_406_x3,0.995,1.04,0.81,45,ussr_gun_406_x3,0.995,1.04,0.81,,,,,,,,,,,
gun_19_x2_alt_china,,483,gun_19_x2_alt,china,,,,,0.95,,nelson_gun_406_x2,1.3046,1.3678,0.95,,nelson_gun_406_x2,1.3046,1.3678,0.95,,ussr_gun_406_x2,1.045,1.09,0.95,45,ussr_gun_406_x2,1.045,1.09,0.95,,,,,,,,,,,
gun_19_x3_alt_china,,483,gun_19_x3_alt,china,,,,,0.78,,nelson_gun_406_x3,1.3046,1.3678,0.78,,nelson_gun_406_x3,1.3046,1.3678,0.78,,ussr_gun_406_x3,1.045,1.09,0.78,45,ussr_gun_406_x3,1.045,1.09,0.78,,,,,,,,,,,
gun_20_x2_alt_china,,508,gun_20_x2_alt,china,,,,,0.85,,nelson_gun_406_x2,1.3728,1.436,0.85,,nelson_gun_406_x2,1.3728,1.436,0.85,,ussr_gun_406_x2,1.095,1.14,0.85,45,ussr_gun_406_x2,1.095,1.14,0.85,,,,,,,,,,,
gun_20_x3_alt_china,,508,gun_20_x3_alt,china,,,,,0.7,,nelson_gun_406_x3,1.3728,1.436,0.7,,nelson_gun_406_x3,1.3728,1.436,0.7,,ussr_gun_406_x3,1.095,1.14,0.7,45,ussr_gun_406_x3,1.095,1.14,0.7,,,,,,,,,,,
###,,,###,,,,,,,,,,,,,,,,,,,,,,,,,,,,,,,,,,,,,
