#id,enabled / disabled,name for ui,area id,who currently controls provice,,,,,,,original claim on province,is home province?,"type of province: home, country, colony (autogenerated)",position,position,url for google maps,economic development / value (0-10),port size (tonnage),population will be used for some military and economic calculations,,,,,,,,,The starting Defense Level of the province which will affect Naval Invasion Defense and Port Defense battles. When empty it is considered zero.,AI Nations that may trigger an attack mission on that province,Nations that may intervent to protect the province,If sea region is not properly supported the region may rebel according to this probability,Probability tha will be used for triggering the start of a battle,Minimum tonnage needed for supporting an attack to this province,If player attacks the province it may have a defending fleet autogenerated from this displacement value (Works only for neutral countries),comment,
@name,enabled,nameUi,area,controller,controller_1890,controller_1900,controller_1910,controller_1920,controller_1930,controller_1940,claim,isHome,type,latitude,longitude,#posLink,development,port,population,oilDiscoveryYear,oilDiscoveryBaseChance,oilCapacity,oilReservesInTurns,revoltChance,provinceArmyPercentage,ProvinceDefenderBonus,neighbour_provinces,#Naval_Defense_Level,#Enemies,#Protectors,#Rebellion_Chance,#Naval_Invasion_Chance,#Min_Naval_Invasion_Displacement,#AverageFleetStrength,#comment,#comment2
default,1,,,,,,,,,,,0,colony,-1000,-1000,,5,,,,,,,2.5,0.0125,2,,,,,,,,,,
afghanistan,,Afghanistan,arabian_sea,afghanistan,afghanistan,afghanistan,afghanistan,afghanistan,afghanistan,afghanistan,afghanistan,,country,33.309019,65.681725,Afghanistan,4,0,4550000,1930,4,550,250,45,0.006,6,"persia, pakistan, turkmenistan, kashmir, xinjiang, tajikistan, uzbekistan",,,,,,,,,
albania,,Albania,adriatic,albania,albania,albania,albania,albania,albania,albania,albania,,,41.027982,19.951121,Albania,3,2000,560000,1930,10,100,100,7,0.033,3,"northern_greece, central_balkans, montenegro, kosovo",,,,,,,,,
andaman_islands,,Andaman Islands,benghal_sea,india,india,india,india,india,india,india,india,,,9.636765,92.777694,Andaman Islands,0.5,5000,58000,,,,,,,,,,,,,,,,,
angola,,Angola,w_africa,angola,angola,angola,angola,angola,angola,angola,angola,,,-12.277069,17.128732,Angola,5,15000,4790000,1930,9,,120,7,0.0045,,"southwest_africa, northern_rhodesia, congo_free_state",,,,,,,,,
annam,,Annam,se_asia,north_vietnam,north_vietnam,north_vietnam,north_vietnam,north_vietnam,north_vietnam,north_vietnam,north_vietnam,,,14.54666,108.117507,Annam,7,26000,4620000,1925,2,300,200,,,,"cochinchina, cambodia, tonkin, laos",,,,,,,,,
arabia,,Arabia,persian_gulf,arabia,arabia,arabia,arabia,arabia,arabia,arabia,arabia,,country,23.711914,45.570778,Arabia,4.8,12000,4218000,1930,20,10000,2000,15,0.015,,"transjordania, iraq, kuwait, bahrain, qatar, trucial_states, oman, yemen, hejaz",,,,,,,,,
argentina,,Argentina,s_am_east,argentina,argentina,argentina,argentina,argentina,argentina,argentina,argentina,,country,-35.288094,-64.544586,Argentina,9,45000,4542000,1930,5,600,300,7,0.03,,"uruguay, paraguay, chile, south_brazil, bolivia",,,,,,,,,
armenia,,Armenia,b_sea,russia,russia,russia,russia,armenia,russia,russia,armenia,1,home,40.18045674,44.62623828,Armenia,2,90000,1450000,1930,1,110,100,7,,,"azerbaijan, eastern_turkey, georgia, persia",,,,,,,,,
austria,,Austria,adriatic,austria,austria,austria,austria,austria,austria,austria,austrianew,1,home,47.29421199,14.53276665,Austria,25.5,180000,9500000,,,,,7,0.05,3,"hungary, northeast_italy, switzerland, southern_germany, bohemia-moravia, galicia, slovenia",,,,,,,,,
azerbaijan,,Azerbaijan,b_sea,russia,russia,russia,russia,azerbaijan,russia,russia,azerbaijan,1,home,40.31794801,47.9641869,Azerbaijan,1.75,90000,1450000,1890,100,200,1000,7,,,"armenia, georgia, southern_russia, persia",,,,,,,,,
azores,,Azores,n_atlantic,azores,azores,azores,azores,azores,azores,azores,azores,,,38.42665,-27.57344,Azores,1,20000,260000,,,,,,,,,,,,,,,,,
bahrain,,Bahrain,persian_gulf,bahrain,bahrain,bahrain,bahrain,bahrain,bahrain,bahrain,bahrain,,,25.7533,50.542648,Bahrain,4,1000,70000,1925,5,1250,400,,,,arabia,,,,,,,,,
balearic_islands,,Balearic Islands,medit2,spain,spain,spain,spain,spain,spain,spain,spain,1,home,39.12057024,2.457932414,Balearic Islands,1,15000,255000,,,,,,,,,,,,,,,,,
bangladesh,,Bangladesh,benghal_sea,bangladesh,bangladesh,bangladesh,bangladesh,bangladesh,bangladesh,bangladesh,bangladesh,,,24.20295732,90.79178652,Bangladesh,4.5,80000,17500000,,,,,,,,"eastern_india, burma",,,,,,,,,
basutoland,,Basutoland,indian_west,lesotho,lesotho,lesotho,lesotho,lesotho,lesotho,lesotho,lesotho,,,-29.54968398,28.21505298,Basutoland,1.2,0,347500,,,,,15,0.005,,"south_africa, orange_free_state",,,,,,,,,
bechuanaland,,Bechuanaland,s_atlantic,botswana,botswana,botswana,botswana,botswana,botswana,botswana,botswana,,,-22.313577,23.868254,Bechuanaland,3.5,0,90000,,,,,,,,"southwest_africa, southern_rhodesia, south_africa, transvaal, northern_rhodesia",,,,,,,,,
belarus,,Belarus,b_sea,russia,russia,russia,russia,belarus,russia,russia,belarus,1,home,53.18951208,28.02758976,Belarus,8,0,7544020,1930,1,100,100,7,0.03,,"ukraine, eastern_poland, lithuania, latvia, central_russia",,,,,,,,,
belgium,,Belgium,n_sea,belgium,belgium,belgium,belgium,belgium,belgium,belgium,belgium,,country,50.76767627,4.428191106,Belgium,11,45000,6693500,,,,,,0.02,,"netherlands, western_germany, luxembourg, northern_france",,,,,,,,,
belize,,Belize,caribbean,belize,belize,belize,belize,belize,belize,belize,belize,,,17.066667,-88.7,Belize,1.6,15000,115000,,,,,7,,,"eastern_mexico, british_honduras",,,,,,,,,
bermuda,,Bermuda,n_am_east,bermuda,bermuda,bermuda,bermuda,bermuda,bermuda,bermuda,bermuda,,,32.315199,-64.743456,Bermuda,1.4,10000,20000,,,,,,,,,,,,,,,,,
bhutan,,Bhutan,benghal_sea,bhutan,bhutan,bhutan,bhutan,bhutan,bhutan,bhutan,bhutan,,country,27.315906,90.38824,Bhutan,1.5,0,280000,,,,,2,,6,"tibet, north-east_frontier, eastern_india",,,,,,,,,
bismarck_archipelago,,Bismarck Archipelago,oceania_north,bismarck_archipelago,bismarck_archipelago,bismarck_archipelago,bismarck_archipelago,bismarck_archipelago,bismarck_archipelago,bismarck_archipelago,bismarck_archipelago,,,-3.310277,151.758058,Bismarck Archipelago,3,25000,55000,,,,,,,,,,,,,,,,,
bohemia-moravia,,Bohemia-Moravia,adriatic,austria,austria,austria,austria,czechia,czechia,czechia,czechia,1,home,49.69880822,14.92443547,Bohemia-Moravia,10.5,180000,7400000,,,,,7,,3,"galicia, austria, southern_germany, eastern_germany, eastern_poland, poland",,,,,,,,,
bolivia,,Bolivia,s_am_west,bolivia,bolivia,bolivia,bolivia,bolivia,bolivia,bolivia,bolivia,,country,-17.022076,-64.295778,Bolivia,4,0,1766000,,,,,7,,,"peru, north_brazil, south_brazil, chile, argentina, paraguay",,,,,,,,,
borneo,,Borneo,indonesian_sea,borneo,borneo,borneo,borneo,borneo,borneo,borneo,borneo,,,-0.575572,114.444324,Borneo,5,2000,1909801,1930,5,900,500,,,,"sarawak, north_borneo",,,,,,,,,
bosnia_&_herzegovina,,Bosnia & Herzegovina,adriatic,austria,austria,austria,austria,austria,austria,austria,bosnia,1,home,44.19263081,17.73481001,Bosnia & Herzegovina,5,0,3150000,,,,,7,0.05,,"croatia, serbia, montenegro",,,,,,,,,
bosporus,,Bosporus,b_sea,ottoman,ottoman,ottoman,ottoman,ottoman,ottoman,ottoman,ottoman,,country,41.26259081,28.13979623,Bosporus,8,80000,1400000,,,,,,0.03,,"dardanelles, eastern_rumelia, northern_greece, northern_turkey, western_turkey",,,,,,,,,
british_antilles,,British Antilles,caribbean,antilles,antilles,antilles,antilles,antilles,antilles,antilles,antilles,,,13.268076,-62.171613,British Antilles,2.2,10000,115000,,,,,7,,,,,,,,,,,,
british_columbia,,British Columbia,alaska_gulf,canada,canada,canada,canada,canada,canada,canada,canada,,country,54.47343,-124.786656,British Columbia,2,25000,178657,,,,,,,,"northern_canada, central_usa, western_usa, canadian_prairies, southern_alaska",,,,,,,,,
british_east_africa,,British East Africa,indian_west,kenya,kenya,kenya,kenya,kenya,kenya,kenya,kenya,,,0.473046,37.938479,British East Africa,4,1000,1352000,,,,,,,,"italian_somaliland, ethiopia, south_sudan, uganda, tanganyika",,,,,,,,,
british_guiana,,British Guiana,caribbean,guyana,guyana,guyana,guyana,guyana,guyana,guyana,guyana,,,4.746782,-58.992483,British Guiana,4,3000,300000,,,,,7,,,"venezuela, suriname, north_brazil",,,,,,,,,
british_honduras,,Guatemala,s_am_west,british_honduras,british_honduras,british_honduras,british_honduras,british_honduras,british_honduras,british_honduras,british_honduras,,,15.49025241,-90.35360601,Guatemala,3.2,15000,1250000,,,,,7,,,"eastern_mexico, southwest_mexico, honduras, belize, el_salvador",,,,,,,,,
british_somaliland,,British Somaliland,arabian_sea,somalia,somalia,somalia,somalia,somalia,somalia,somalia,somalia,,,9.105611,46.50841,British Somaliland,2,12000,300000,1930,4,400,100,,,,"djibouti, italian_somaliland, ethiopia",,,,,,,,,
brunei,,Brunei,se_asia,brunei,brunei,brunei,brunei,brunei,brunei,brunei,brunei,,,4.14049,114.442649,Brunei,2.7,1000,22000,1897,10,600,500,,,,"sarawak, north_borneo",,,,,,,,,
bulgaria,,Bulgaria,b_sea,bulgaria,bulgaria,bulgaria,bulgaria,bulgaria,bulgaria,bulgaria,bulgaria,,country,43.246367,25.625711,Bulgaria,3.2,10000,4744300,1930,5,150,100,7,0.045,,"eastern_rumelia, romania, serbia, central_balkans",,,,,,,,,
burma,,Burma,benghal_sea,burma,burma,burma,burma,burma,burma,burma,burma,,,21.911151,96.023288,Burma,5,1000,14667001,1890,100,900,500,,,,"bangladesh, laos, southern_china, thailand, north-east_frontier, eastern_india",,,,,,,,,
burundi,,Burundi,indian_west,rwanda,rwanda,rwanda,rwanda,rwanda,rwanda,rwanda,rwanda,,,-3.289919734,29.93494241,Burundi,1.1,1000,775000,1930,1,100,70,,,,"rwanda, congo_free_state, tanganyika",,,,,,,,,
cambodia,,Cambodia,se_asia,cambodia,cambodia,cambodia,cambodia,cambodia,cambodia,cambodia,cambodia,,,12.668126,105.037111,Cambodia,4.5,15000,1103000,1925,1,200,100,7,,,"cochinchina, annam, thailand, laos",,,,,,,,,
cameroon,,Cameroon,w_africa,cameroon,cameroon,cameroon,cameroon,cameroon,cameroon,cameroon,cameroon,,,4.644885,12.662672,Cameroon,4,25000,3500000,1930,4,175,75,7,,,"equatorial_guinea, central_african_republic, chad, nigeria, middle_congo, gabon",,,,,,,,,
canadian_prairies,,Canadian Prairies,n_am_east,canada,canada,canada,canada,canada,canada,canada,canada,,country,52.27037292,-106.0367497,Canadian Prairies,2.5,100000,510000,1890,100,550,1200,,,,"central_usa, maine, british_columbia, central_canada, northern_canada",,,,,,,,,
canary_islands,,Canary Islands,n_atlantic,canary_islands,canary_islands,canary_islands,canary_islands,canary_islands,canary_islands,canary_islands,canary_islands,,,29.210293,-15.176735,Canary Islands,2.9,12000,364408,,,,,,,,,,,,,,,,,
cape_verde,,Cape Verde,c_atlantic,cape_verde,cape_verde,cape_verde,cape_verde,cape_verde,cape_verde,cape_verde,cape_verde,,,15.837768,-23.799824,Cape Verde,2,7500,140000,,,,,,,,,,,,,,,,,
caroline_islands,,Caroline Islands,oceania_north,caroline_islands,caroline_islands,caroline_islands,caroline_islands,caroline_islands,caroline_islands,caroline_islands,caroline_islands,,,7.122381,143.752726,Caroline Islands,2,15000,36000,1925,1,150,100,,,,,,,,,,,,,
cayman_islands,,Cayman Islands,caribbean,jamaica,jamaica,jamaica,jamaica,jamaica,jamaica,jamaica,jamaica,,,19.92635,-80.799475,Cayman Islands,0.2,10000,5000,,,,,7,,,,,,,,,,,,
central_african_republic,,Central African Republic,w_africa,central_african_republic,central_african_republic,central_african_republic,central_african_republic,central_african_republic,central_african_republic,central_african_republic,central_african_republic,,country,6.221066,20.683768,Central African Republic,2.2,0,559000,,,,,7,,,"chad, cameroon, congo_free_state, sudan, south_sudan, middle_congo",,,,,,,,,
central_balkans,,Central Balkans,adriatic,serbia,serbia,serbia,serbia,serbia,serbia,serbia,serbia,,,41.56,21.75232,Central Balkans,3.5,0,790000,,,,,7,0.02,2.5,"northern_greece, bulgaria, eastern_rumelia, serbia, albania, kosovo",,,,,,,,,
central_canada,,Central Canada,n_am_east,canada,canada,canada,canada,canada,canada,canada,canada,,country,53.56150359,-74.58722301,Central Canada,7.5,100000,3046049,,,,,,,,"central_usa, eastern_usa, maine, new_brunswick, new_foundland, canadian_prairies",,,,,,,,,
central_china,,Central China,east_asia,china,china,china,china,china,china,china,china,1,home,34.48837657,104.079865,Central China,10,0,36800000,1930,1,200,1000,7,0.015,,"northern_china, northeast_china, eastern_china, tibet, xinjiang, southern_china",,,,,,,,,
central_italy,,Central Italy,medit2,italy,italy,italy,italy,italy,italy,italy,italy,1,home,42.83508651,12.16721204,Central Italy,24,80000,10500000,,,,,7,0.03,,"northwest_italy, northeast_italy, southern_italy",,,,,,,,,
central_russia,,Central Russia,baltic,russia,russia,russia,russia,russia,russia,russia,russia,1,home,57.846953,44.563778,Central Russia,12,150000,26188040,1925,15,2500,2500,7,0.03,3,"southern_finland, esthonia, latvia, belarus, ukraine, southern_russia, siberian_russia, kazakhstan, northern_russia",,,,,,,,,
central_usa,,Central USA,n_am_west,usa,usa,usa,usa,usa,usa,usa,usa,1,home,38.701968,-97.933502,Central USA,9,0,10136222,1890,100,1000,500,7,,,"canadian_prairies, southeastern_seaboard, western_usa, gulf_coast, eastern_usa, british_columbia, central_canada",,,,,,,,,
ceylon,,Ceylon,benghal_sea,ceylon,ceylon,ceylon,ceylon,ceylon,ceylon,ceylon,ceylon,,,7.581089,80.763819,Ceylon,4.2,1000,3912000,,,,,,,,,,,,,,,,,
chad,,Chad,w_africa,chad,chad,chad,chad,chad,chad,chad,chad,,country,14.38658,18.606495,Chad,2.5,0,675000,,,,,7,,,"fezzan-ghadames, cyrenaica, niger, nigeria, cameroon, central_african_republic, sudan",,,,,,,,,
chile,,Chile,s_am_west,chile,chile,chile,chile,chile,chile,chile,chile,,country,-27.124404,-70.257107,Chile,6,4000,3110100,1925,2,200,100,7,0.03,,"argentina, bolivia, peru",,,,,,,,,
cochinchina,,Cochinchina,se_asia,south_vietnam,south_vietnam,south_vietnam,south_vietnam,south_vietnam,south_vietnam,south_vietnam,south_vietnam,,,10.353369,106.021253,Cochinchina,6,45000,2968500,1925,2,400,200,,,,"cambodia, annam",,,,,,,,,
comoros,,Comoros,indian_west,comoros,comoros,comoros,comoros,comoros,comoros,comoros,comoros,,,-13.583873,43.810785,Comoros,1.4,3000,112000,,,,,,,,,,,,,,,,,
congo_free_state,,Congo Free State,w_africa,zaire,zaire,zaire,zaire,zaire,zaire,zaire,zaire,,,-3.71532,23.676722,Congo Free State,6.7,5000,4103000,,,,,7,0.0013,,"central_african_republic, middle_congo, angola, northern_rhodesia, tanganyika, uganda, south_sudan, portuguese_congo, rwanda, burundi",,,,,,,,,
cook_islands,,Cook Islands,s_pacific,cook_islands,cook_islands,cook_islands,cook_islands,cook_islands,cook_islands,cook_islands,cook_islands,,,-21.701303,-159.296225,Cook Islands,0.5,10000,6000,,,,,,,,,,,,,,,,,
corsica,,Corsica,medit2,corsica,corsica,corsica,corsica,corsica,corsica,corsica,corsica,,,42.13862,9.070584,Corsica,2,4000,165000,,,,,,,,,,,,,,,,,
costa_rica,,Costa Rica,caribbean,costa_rica,costa_rica,costa_rica,costa_rica,costa_rica,costa_rica,costa_rica,costa_rica,,country,9.332035,-83.749223,Costa Rica,5,25000,341600,,,,,7,,,"panama, nicaragua",,,,,,,,,
crete,,Crete,aegean,greece,ottoman,greece,greece,greece,greece,greece,greece,,country,35.12040473,25.07349266,Crete,3,35000,215000,1930,2,200,100,33,0.06,8,,,,,,,,,,
crimaia,,Crimea,b_sea,russia,russia,russia,russia,ukraine,russia,russia,ukraine,1,home,45.452016,34.16650972,Crimea,5,90000,1145300,1930,1,900,200,7,0.03,,"ukraine, southern_russia",,,,,,,,,
croatia,,Croatia,adriatic,austria,austria,austria,austria,austria,austria,austria,croatia,1,home,44.90430851,15.18225804,Croatia,12.5,120000,3295100,,,,,7,0.05,,"hungary, slovenia, serbia, montenegro, bosnia_&_herzegovina",,,,,,,,,
cuba,,Cuba,caribbean,cuba,cuba,cuba,cuba,cuba,cuba,cuba,cuba,,,21.993051,-79.10099,Cuba,10,75000,1600000,,,,,7,,,guantanamo,,,,,,,,,
cyprus,,Cyprus,medit,cyprus,cyprus,cyprus,cyprus,cyprus,cyprus,cyprus,cyprus,,,35.143466,33.380997,Cyprus,3,25000,240000,,,,,6,,3,,,,,,,,,,
cyrenaica,,Cyrenaica,medit3,libya,libya,libya,libya,libya,libya,libya,libya,,,28.56369149,20.81886929,Cyrenaica,3.5,25000,425075,1925,10,1100,1000,15,0.03,1.5,"north_egypt, south_egypt, sudan, chad, tripolitania, fezzan-ghadames",,,,,,,,,
dahomey,,Dahomey,w_africa,dahomey,dahomey,dahomey,dahomey,dahomey,dahomey,dahomey,dahomey,,,9.22796,2.357078,Dahomey,4,7000,570000,,,,,7,,,"togoland, nigeria, upper_volta, niger",,,,,,,,,
dardanelles,,Dardanelles,aegean,ottoman,ottoman,ottoman,ottoman,ottoman,ottoman,ottoman,ottoman,,country,40.76443987,26.86240145,Dardanelles,2,80000,900000,,,,,,0.03,,"bosporus, western_turkey, northern_greece",,,,,,,,,
djibouti,,Djibouti,arabian_sea,djibouti,djibouti,djibouti,djibouti,djibouti,djibouti,djibouti,djibouti,,,12.320486,42.858115,Djibouti,4,1000,50000,1930,5,350,100,,,,"eritrea, ethiopia, british_somaliland",,,,,,,,,
dodecanese,,Dodecanese,aegean,ottoman,ottoman,ottoman,ottoman,ottoman,ottoman,ottoman,greece,,,36.852821,27.456302,Dodecanese,2,20000,55000,,,,,,0.03,6,,,,,,,,,,
dominican_republic,,Dominican Republic,caribbean,dominican_republic,dominican_republic,dominican_republic,dominican_republic,dominican_republic,dominican_republic,dominican_republic,dominican_republic,,country,18.983051,-69.329663,Dominican Republic,6,15000,600000,,,,,7,,,haiti,,,,,,,,,
dutch_antilles,,Dutch Antilles,caribbean,antilles,antilles,antilles,antilles,antilles,antilles,antilles,antilles,,,12.635553,-69.056792,Dutch Antilles,3,15000,44000,,,,,,,,,,,,,,,,,
dutch_new_guinea,,Dutch New Guinea,oceania_north,dutch_new_guinea,dutch_new_guinea,dutch_new_guinea,dutch_new_guinea,dutch_new_guinea,dutch_new_guinea,dutch_new_guinea,dutch_new_guinea,,,-4.173979,137.132256,Dutch New Guinea,5,3000,333387,1930,5,600,500,,,,"territory_of_papua, german_new_guinea",,,,,,,,,
east_greenland,,East Greenland,denmark_strait,greenland,greenland,greenland,greenland,greenland,greenland,greenland,greenland,,,71.82901246,-32.58384083,East Greenland,0.5,7000,7000,1920,1,900,500,,,,west_greenland,,,,,,,,,
east_phillipinnes,,East Philippines,philip_sea,phillipinnes,phillipinnes,phillipinnes,phillipinnes,phillipinnes,phillipinnes,phillipinnes,phillipinnes,,,13.15335844,124.7477804,East Philippines,4,35000,10990030,1895,4,100,100,7,,,,,,,,,,,,
easter_island,,Easter Island,s_pacific,chile,chile,chile,chile,chile,chile,chile,chile,,country,-26.843536,-109.396183,Easter Island,0.1,6000,900,,,,,,,,,,,,,,,,,
eastern__samoa,,Eastern  Samoa,s_pacific,samoa,samoa,samoa,samoa,samoa,samoa,samoa,samoa,,country,-13.591072,-170.0965,Eastern  Samoa,0.7,5000,37000,,,,,,,,,,,,,,,,,
eastern_aleutians,,Eastern Aleutians,alaska_gulf,eastern_aleutians,eastern_aleutians,eastern_aleutians,eastern_aleutians,eastern_aleutians,eastern_aleutians,eastern_aleutians,eastern_aleutians,,,55.153152,-162.479952,Eastern Aleutians,1.5,20000,1200,1925,2,400,100,,,,southern_alaska,,,,,,,,,
eastern_australia,,Eastern Australia,oceania_south,australia,australia,australia,australia,australia,australia,australia,australia,1,home,-29.350863,145.969211,Eastern Australia,3,20000,1135710,1920,5,525,250,,,,"western_australia, northern_australia",,,,,,,,,
eastern_china,,Eastern China,east_asia,china,china,china,china,china,china,china,china,1,home,31.87044654,116.871696,Eastern China,25,120000,115200000,1890,100,2000,2000,7,0.015,,"northeast_china, central_china, southern_china",,,,,,,,,
eastern_denmark,,Eastern Denmark,baltic,denmark,denmark,denmark,denmark,denmark,denmark,denmark,denmark,,country,55.36119079,11.36124201,Eastern Denmark,5,40000,1430000,1925,2,200,100,5,0.03,4,"eastern_germany, western_denmark",,,,,,,,,
eastern_england,,Eastern England,n_sea,britain,britain,britain,britain,britain,britain,britain,britain,1,home,52.37844802,0.403302374,Eastern England,17,120000,7442865,1890,100,550,500,7,0.03,,"north_west_england, wales, southern_england, north_east_england",,,,,,,,,
eastern_germany,,Eastern Germany,baltic,germany,germany,germany,germany,germany,germany,germany,germany,1,home,52.585946,12.054444,Eastern Germany,34,180000,12400780,1925,5,500,100,7,0.03,3,"western_germany, southern_germany, bohemia-moravia, poland, eastern_denmark, western_denmark",,,,,,,,,
eastern_gilbert_&_ellice_islands,,Eastern Gilbert & Ellice Islands,s_pacific,kiribati,kiribati,kiribati,kiribati,kiribati,kiribati,kiribati,kiribati,,,2.875893,-158.624186,Eastern Gilbert & Ellice Islands,1,5000,5000,,,,,,,,,,,,,,,,,
eastern_india,,Eastern India,benghal_sea,india,india,india,india,india,india,india,india,,,21.49078192,82.53696256,Eastern India,12,80000,86500000,1890,100,550,1000,15,,,"western_india, bangladesh, northern_india, north-east_frontier, nepal, burma, tibet, bhutan",,,,,,,,,
eastern_mexico,,Southeast Mexico,mex_coast,mexico,mexico,mexico,mexico,mexico,mexico,mexico,mexico,,country,18.91186548,-96.44896115,Southeast Mexico,6.5,25000,5000000,1925,5,900,500,7,,,"western_mexico, northeast_mexico, british_honduras, belize, southwest_mexico",,,,,,,,,
eastern_poland,,Eastern Poland,baltic,russia,russia,russia,russia,poland,poland,poland,poland,1,home,51.73203674,21.36168578,Eastern Poland,10,0,5575280,,,,,,0.03,,"poland, prussia, belarus, ukraine, galicia, bohemia-moravia, lithuania",,,,,,,,,
eastern_rumelia,,Eastern Rumelia,b_sea,ottoman,ottoman,ottoman,bulgaria,bulgaria,bulgaria,bulgaria,bulgaria,,,42,24.84827,Eastern Rumelia,3.3,10000,975030,,,,,7,0.045,,"bulgaria, central_balkans, northern_greece, bosporus",,,,,,,,,
eastern_siberia,,Eastern Siberia,bering_sea,russia,russia,russia,russia,russia,russia,russia,russia,1,home,66.18572968,133.4147465,Eastern Siberia,0.4,0,35000,1930,1,1000,500,,,5,"kamchatka, siberian_russia, southern_siberia",,,,,,,,,
eastern_sicily,,Eastern Sicily,medit3,italy,italy,italy,italy,italy,italy,italy,italy,1,home,37.11674381,14.54117936,Eastern Sicily,7,45000,2300000,1930,2,100,60,,0.03,,western_sicily,,,,,,,,,
eastern_sweden,,Eastern Sweden,baltic,sweden,sweden,sweden,sweden,sweden,sweden,sweden,sweden,,country,61.882353,16.672607,Eastern Sweden,6,75000,1245500,,,,,7,0.039,3,"western_sweden, northern_norway, southern_norway, northern_finland",,,,,,,,,
eastern_turkey,,Eastern Turkey,b_sea,ottoman,ottoman,ottoman,ottoman,ottoman,ottoman,ottoman,ottoman,,country,39.72015569,39.63019097,Eastern Turkey,9,80000,1500000,1930,1,150,100,6,0.12,,"northern_turkey, southern_turkey, syria, georgia, armenia, persia, iraq",,,,,,,,,
eastern_usa,,Eastern USA,n_am_east,usa,usa,usa,usa,usa,usa,usa,usa,1,home,42.264602,-75.590955,Eastern USA,15.5,120000,22863660,1890,100,950,350,,0.03,,"maine, southeastern_seaboard, central_canada, central_usa",,,,,,,,,
ecuador,,Ecuador,s_am_west,ecuador,ecuador,ecuador,ecuador,ecuador,ecuador,ecuador,ecuador,,country,-1.487017,-78.526685,Ecuador,5.2,3000,1271900,1917,5,300,400,7,,,"peru, southern_colombia",,,,,,,,,
el_salvador,,El Salvador,s_am_west,salvador_c,salvador_c,salvador_c,salvador_c,salvador_c,salvador_c,salvador_c,salvador_c,,country,13.71863979,-88.85694571,El Salvador,1.4,15000,655000,,,,,7,,,"british_honduras, honduras",,,,,,,,,
equatorial_guinea,,Equatorial Guinea,w_africa,equatorial_guinea,equatorial_guinea,equatorial_guinea,equatorial_guinea,equatorial_guinea,equatorial_guinea,equatorial_guinea,equatorial_guinea,,,1.313373,10.651782,Equatorial Guinea,4,6000,150000,,,,,7,,,"cameroon, gabon",,,,,,,,,
eritrea,,Eritrea,red_sea,ethiopia,ethiopia,ethiopia,ethiopia,ethiopia,ethiopia,ethiopia,eritrea,,country,16.160361,37.217545,Eritrea,3,3000,220000,1930,5,400,100,,,,"djibouti, sudan, ethiopia",,,,,,,,,
esthonia,,Estonia,baltic,russia,russia,russia,russia,esthonia,esthonia,esthonia,esthonia,1,home,58.65361436,25.85405938,Estonia,2.5,120000,1058100,,,,,5,0.03,,"latvia, central_russia",,,,,,,,,
ethiopia,,Ethiopia,arabian_sea,ethiopia,ethiopia,ethiopia,ethiopia,ethiopia,ethiopia,ethiopia,ethiopia,,country,8.061822,39.379325,Ethiopia,5,0,12180600,,,,,7,,,"eritrea, djibouti, british_somaliland, italian_somaliland, british_east_africa, sudan, south_sudan",,,,,,,,,
falkland_islands,,Falkland Islands,s_am_east,argentina,argentina,argentina,argentina,argentina,argentina,argentina,argentina,,,-52.09796,-59.623232,Falkland Islands,0.2,30000,2300,1925,1,160,100,,,,,,,,,,,,,
faroe_islands,,Faroe Islands,n_sea,denmark,denmark,denmark,denmark,denmark,denmark,denmark,denmark,,,62.14601787,-6.983874157,Faroe Islands,0.25,10000,15000,,,,,0.01,0.03,4,,,,,,,,,,
fezzan-ghadames,,Fezzan-Ghadames,medit3,libya,libya,libya,libya,libya,libya,libya,libya,,,26.43145908,13.71920212,Fezzan-Ghadames,2,25000,125070,1925,7,750,1000,15,0.03,1.5,"tripolitania, cyrenaica, chad, niger, southern_algeria",,,,,,,,,
fiji,,Fiji,s_pacific,fiji,fiji,fiji,fiji,fiji,fiji,fiji,fiji,,,-17.166813,178.289681,Fiji,1.8,15000,125000,,,,,,,,,,,,,,,,,
formosa,,Formosa,east_asia,taiwan,taiwan,taiwan,taiwan,taiwan,taiwan,taiwan,taiwan,,,23.918049,121.180152,Formosa,7,17000,2758161,,,,,,,,,,,,,,,,,
french_antilles,,French Antilles,caribbean,antilles,antilles,antilles,antilles,antilles,antilles,antilles,antilles,,,15.664492,-61.836848,French Antilles,4,15000,52000,,,,,7,,,,,,,,,,,,
french_guiana,,French Guiana,caribbean,french_guiana,french_guiana,french_guiana,french_guiana,french_guiana,french_guiana,french_guiana,french_guiana,,,4.045842,-53.223442,French Guiana,3,20000,24000,,,,,,,,"suriname, north_brazil",,,,,,,,,
french_guinea,,French Guinea,c_atlantic,cayenne,cayenne,cayenne,cayenne,cayenne,cayenne,cayenne,cayenne,,,10.414074,-10.032578,French Guinea,5.9,14000,1459000,,,,,7,,,"sierra_leone, french_sudan, ivory_coast, portuguese_guinea, senegal, liberia",,,,,,,,,
french_polynesia,,French Polynesia,s_pacific,french_polynesia,french_polynesia,french_polynesia,french_polynesia,french_polynesia,french_polynesia,french_polynesia,french_polynesia,,,-16.561735,-147.945884,French Polynesia,1.75,3000,30000,,,,,,,,,,,,,,,,,
french_sudan,,French Sudan,c_atlantic,mali,mali,mali,mali,mali,mali,mali,mali,,,17.767555,-1.903396,French Sudan,4,0,2672000,,,,,7,,,"southern_algeria, mauritania, senegal, french_guinea, ivory_coast, upper_volta, niger",,,,,,,,,
gabon,,Gabon,w_africa,gabon,gabon,gabon,gabon,gabon,gabon,gabon,gabon,,,-0.725298,11.767754,Gabon,3.7,4000,240000,,,,,7,,,"middle_congo, equatorial_guinea, cameroon",,,,,,,,,
galápagos_islands,,Galápagos Islands,s_am_west,ecuador,ecuador,ecuador,ecuador,ecuador,ecuador,ecuador,ecuador,,country,-0.499772,-90.608825,Galápagos Islands,0.1,3000,3500,,,,,,,,,,,,,,,,,
galicia,,Galicia,adriatic,austria,austria,austria,austria,slovakia,slovakia,slovakia,slovakia,1,home,48.8275207,19.93953992,Galicia,17.5,180000,5600000,1893,55,100,320,,,3,"eastern_poland, bohemia-moravia, austria, hungary, ukraine",,,,,,,,,
gambia,,Gambia,c_atlantic,gambia,gambia,gambia,gambia,gambia,gambia,gambia,gambia,,,13.488221,-14.745328,Gambia,3,6000,165000,,,,,7,,,senegal,,,,,,,,,
georgia,,Georgia,b_sea,russia,russia,russia,russia,georgia,russia,russia,georgia,1,home,42.20099357,43.44215947,Georgia,3,90000,2150000,1930,1,100,100,7,,,"southern_russia, armenia, azerbaijan, northern_turkey, eastern_turkey",,,,,,,,,
german_new_guinea,,German New Guinea,oceania_north,australia,australia,australia,australia,australia,australia,australia,australia,,,-6.377619,148.396399,German New Guinea,5,15000,188000,1911,6,400,200,,,,"territory_of_papua, dutch_new_guinea",,,,,,,,,
gibraltar,,Gibraltar,medit2,gibraltar,gibraltar,gibraltar,gibraltar,gibraltar,gibraltar,gibraltar,gibraltar,,,35.5,-5.245375,Gibraltar,0.4,35000,29000,,,,,,,,southern_spain,,,,,,,,,
gold_coast,,Gold Coast,w_africa,ghana,ghana,ghana,ghana,ghana,ghana,ghana,ghana,,,7.07992,-1.529502,Gold Coast,5.8,12000,1486400,,,,,7,,,"upper_volta, ivory_coast, togoland",,,,,,,,,
grand_bahama,,Grand Bahama,caribbean,grand_bahama,grand_bahama,grand_bahama,grand_bahama,grand_bahama,grand_bahama,grand_bahama,grand_bahama,,,26.507748,-76.922083,Grand Bahama,5,15000,55000,,,,,7,,,,,,,,,,,,
guam,,Guam,philip_sea,guam,guam,guam,guam,guam,guam,guam,guam,,,13.082432,144.649024,Guam,0.5,20000,12000,,,,,,0.025,,,,,,,,,,,
guantanamo,,Guantanamo,caribbean,cuba,cuba,cuba,cuba,cuba,cuba,cuba,cuba,,,20.379018,-74.862799,Guantanamo,0.1,25000,35000,,,,,7,,,cuba,,,,,,,,,
gulf_coast,,Gulf Coast,mex_coast,usa,usa,usa,usa,usa,usa,usa,usa,1,home,30.646982,-92.777504,Gulf Coast,12,100000,15623501,1900,10,1750,1000,7,,,"western_mexico, northeast_mexico, western_usa, central_usa, southeastern_seaboard",,,,,,,,,
haiti,,Haiti,caribbean,haiti,haiti,haiti,haiti,haiti,haiti,haiti,haiti,,country,19.039949,-72.348068,Haiti,4,3000,1347000,,,,,7,,,dominican_republic,,,,,,,,,
hawaii,,Hawaii,s_pacific,hawaii,hawaii,hawaii,hawaii,hawaii,hawaii,hawaii,hawaii,,country,20.638978,-157.612051,Hawaii,1,20000,154000,,,,,,,,,,,,,,,,,
hejaz,,Hejaz,red_sea,ottoman,ottoman,ottoman,ottoman,arabia,arabia,arabia,arabia,,,25.449132,38.204411,Hejaz,5,20000,1350000,1935,1,500,1000,15,0.015,,"arabia, transjordania, yemen",,,,,,,,,
heligoland,,Heligoland,n_sea,heligoland,heligoland,heligoland,heligoland,heligoland,heligoland,heligoland,heligoland,,,54.20443449,7.884719939,Heligoland,1,25000,1000,,,,,,,3,,,,,,,,,,
honduras,,Honduras,caribbean,honduras,honduras,honduras,honduras,honduras,honduras,honduras,honduras,,country,14.816253,-87.061349,Honduras,3.5,3000,543700,,,,,7,,,"british_honduras, nicaragua, el_salvador",,,,,,,,,
hong_kong,,Hong Kong,se_asia,china,china,china,china,china,china,china,china,1,home,22.717749,114.120168,Hong Kong,4,60000,320000,,,,,,,,southern_china,,,,,,,,,
hungary,,Hungary,adriatic,austria,austria,austria,austria,austria,austria,austria,hungary,1,home,47.2913612,19.37673089,Hungary,25.5,180000,11500000,,,,,7,,3,"austria, galicia, slovenia, croatia, serbia, romania, ukraine",,,,,,,,,
iceland,,Iceland,denmark_strait,denmark,denmark,denmark,denmark,iceland,iceland,iceland,iceland,,,64.159992,-18.399728,Iceland,2,8000,82000,1925,2,300,100,,,,,,,,,,,,,
iraq,,Iraq,persian_gulf,iraq,iraq,iraq,iraq,iraq,iraq,iraq,iraq,,,33.090417,43.064089,Iraq,6.8,13000,3750000,1910,25,3500,2000,7,0.033,,"eastern_turkey, syria, transjordania, arabia, kuwait, persia",,,,,,,,,
ireland,,Ireland,irish_sea,britain,britain,britain,britain,britain,britain,britain,ireland,1,home,53.16856567,-7.765547265,Ireland,19,55000,2415000,,,,,15,0.03,,northern_ireland,,,,,,,,,
italian_somaliland,,Italian Somaliland,indian_west,somalia,somalia,somalia,somalia,somalia,somalia,somalia,somalia,,,4.447033,45.876953,Italian Somaliland,3,1000,400000,1930,3,400,100,,,,"british_somaliland, ethiopia, british_east_africa",,,,,,,,,
ivory_coast,,Ivory Coast,w_africa,ivory_coast,ivory_coast,ivory_coast,ivory_coast,ivory_coast,ivory_coast,ivory_coast,ivory_coast,,,7.319216,-5.616286,Ivory Coast,6,17000,1355000,1930,4,175,75,7,,,"gold_coast, liberia, french_guinea, french_sudan, upper_volta",,,,,,,,,
jamaica,,Jamaica,caribbean,jamaica,jamaica,jamaica,jamaica,jamaica,jamaica,jamaica,jamaica,,,18.380326,-77.331687,Jamaica,5,7000,720000,,,,,7,,,,,,,,,,,,
java,,Java,indonesian_sea,indonesia,indonesia,indonesia,indonesia,indonesia,indonesia,indonesia,indonesia,,,-7.420237,110.486641,Java,7.5,35000,29767662,1890,100,500,500,,,,timor,,,,,,,,,
kamchatka,,Kamchatka,ne_asia,kamchatka,kamchatka,kamchatka,kamchatka,kamchatka,kamchatka,kamchatka,kamchatka,,,56.404092,159.532245,Kamchatka,4,30000,75000,1925,2,300,100,7,,,"southern_siberia, eastern_siberia",,,,,,,,,
kashmir,,Kashmir,benghal_sea,sikh,sikh,sikh,sikh,sikh,sikh,sikh,sikh,,,33.56963084,75.97194508,Kashmir,3.5,0,2600000,1930,5,700,200,,,,"pakistan, northern_india, tibet, xinjiang, afghanistan",,,,,,,,,
kazakhstan,,Kazakhstan,arabian_sea,kazakhstan,kazakhstan,kazakhstan,kazakhstan,kazakhstan,kazakhstan,kazakhstan,kazakhstan,,,48.09006615,67.12792885,Kazakhstan,5.5,0,5155765,1897,15,650,2000,10,,3,"central_russia, xinjiang, southern_russia, siberian_russia, uzbekistan, kyrgyzstan, turkmenistan",,,,,,,,,
kerguelen_islands,,Kerguelen Islands,indian_south,taaf,taaf,taaf,taaf,taaf,taaf,taaf,taaf,,,-48.714694,69.459645,Kerguelen Islands,0.1,3000,100,1930,4,200,100,,,,,,,,,,,,,
kiautschou_bay,,Kiautschou Bay,yellow_sea,china,china,china,china,china,china,china,china,1,home,36.514348,119.802227,Kiautschou Bay,4,30000,50750,1925,2,30,100,7,,,northeast_china,,,,,,,,,
kosovo,,Kosovo,adriatic,ottoman,ottoman,ottoman,ottoman,serbia,serbia,serbia,serbia,,,42.50891299,20.89857987,Kosovo,2,0,245000,,,,,7,0.02,2.5,"serbia, albania, montenegro, central_balkans",,,,,,,,,
kuwait,,Kuwait,persian_gulf,kuwait,kuwait,kuwait,kuwait,kuwait,kuwait,kuwait,kuwait,,,28.706483,47.14352,Kuwait,3.5,20000,40000,1930,10,2500,2000,,0.033,,"iraq, arabia",,,,,,,,,
kwang-chou-wan,,Kwang-Chou-Wan,se_asia,china,china,china,china,china,china,china,china,1,home,20.449693,110.123565,Kwang-Chou-Wan,5,15000,185000,,,,,,,,southern_china,,,,,,,,,
kyrgyzstan,,Kyrgyzstan,arabian_sea,kyrgyzstan,kyrgyzstan,kyrgyzstan,kyrgyzstan,kyrgyzstan,kyrgyzstan,kyrgyzstan,kyrgyzstan,,,41.3642223,74.56679829,Kyrgyzstan,2,0,2468177,1910,10,200,100,10,,3,"kazakhstan, uzbekistan, tajikistan, xinjiang",,,,,,,,,
kyushu,,Kyushu,east_asia,japan,japan,japan,japan,japan,japan,japan,japan,1,home,32.5818111,131.0605654,Kyushu,3,145000,5074000,,,,,7,,3,south_honshu,,,,,,,,,
laos,,Laos,se_asia,laos,laos,laos,laos,laos,laos,laos,laos,,country,19.580202,102.464176,Laos,2.7,0,473000,,,,,10,0.03,3,"tonkin, southern_china, burma, thailand, annam, cambodia",,,,,,,,,
latvia,,Latvia,baltic,russia,russia,russia,russia,latvia,latvia,latvia,latvia,1,home,56.236488,26.11863,Latvia,3,120000,1355000,,,,,5,0.03,,"esthonia, central_russia, belarus, lithuania",,,,,,,,,
lebanon,,Lebanon,medit,lebanon,lebanon,lebanon,lebanon,lebanon,lebanon,lebanon,lebanon,,,34.401035,35.959823,Lebanon,3,15000,550000,,,,,7,,3,"syria, palestine",,,,,,,,,
liaodong_peninsula,,Liaodong Peninsula,yellow_sea,china,china,china,china,china,china,china,china,1,home,39.9,122.5,Liaodong Peninsula,4.5,45000,1950000,,,,,7,,,"northwest_korea, northeast_korea, manchuria, northeast_china, northern_china",,,,,,,,,
liberia,,Liberia,c_atlantic,liberia,liberia,liberia,liberia,liberia,liberia,liberia,liberia,,country,6.109599,-9.169931,Liberia,4,3000,641000,1930,4,175,75,7,,,"sierra_leone, french_guinea, ivory_coast",,,,,,,,,
lithuania,,Lithuania,baltic,russia,russia,russia,russia,lithuania,lithuania,lithuania,lithuania,1,home,55.56107554,23.77248709,Lithuania,3,120000,1555000,,,,,5,0.03,,"latvia, belarus, prussia, eastern_poland",,,,,,,,,
luxembourg,,Luxembourg,n_sea,luxembourg,luxembourg,luxembourg,luxembourg,luxembourg,luxembourg,luxembourg,luxembourg,,country,49.65789805,6.144056043,Luxembourg,4.5,0,150000,,,,,,0.06,,"belgium, northern_france, western_germany, southern_germany",,,,,,,,,
madagascar,,Madagascar,indian_west,madagascar,madagascar,madagascar,madagascar,madagascar,madagascar,madagascar,madagascar,,,-21.208293,46.548542,Madagascar,5,5000,2249500,,,,,,0.0085,,,,,,,,,,,
madeira,,Madeira,n_atlantic,madeira,madeira,madeira,madeira,madeira,madeira,madeira,madeira,,,32.137966,-15.866165,Madeira,1.25,7000,160000,,,,,,,,,,,,,,,,,
maine,,Maine,n_am_east,usa,usa,usa,usa,usa,usa,usa,usa,1,home,44.942479,-69.353089,Maine,4,30000,695000,,,,,,0.03,,"new_brunswick, central_canada, eastern_usa, canadian_prairies",,,,,,,,,
malaya,,Malaya,se_asia,malaysia,malaysia,malaysia,malaysia,malaysia,malaysia,malaysia,malaysia,,,4.190628,102.034774,Malaya,5,15000,900000,1908,10,300,500,7,,,"thailand, singapore",,,,,,,,,
maldives,,Maldives,arabian_sea,maldives,maldives,maldives,maldives,maldives,maldives,maldives,maldives,,,-0.551943,73.126784,Maldives,1.2,4000,56000,,,,,,,,,,,,,,,,,
malta,,Malta,medit3,malta,malta,malta,malta,malta,malta,malta,malta,,,35.322167,14.638622,Malta,2,25000,195000,,,,,,,,,,,,,,,,,
manchuria,,Manchuria,japan_sea,china,china,china,china,china,china,japan,china,1,home,45.123696,126.621246,Manchuria,7,0,25000000,1930,15,2000,2000,7,,,"northern_china, russian_far_east, liaodong_peninsula, northeast_korea, siberian_russia",,,,,,,,,
marquesas_islands,,Marquesas Islands,s_pacific,marquesas_islands,marquesas_islands,marquesas_islands,marquesas_islands,marquesas_islands,marquesas_islands,marquesas_islands,marquesas_islands,,,-9.861539,-139.246823,Marquesas Islands,0.1,3000,3000,,,,,,,,,,,,,,,,,
marshall_islands,,Marshall Islands,s_pacific,marshall_islands,marshall_islands,marshall_islands,marshall_islands,marshall_islands,marshall_islands,marshall_islands,marshall_islands,,,7.362595,168.787825,Marshall Islands,1,15000,15000,1925,1,100,100,,,,,,,,,,,,,
mauritania,,Mauritania,c_atlantic,mauritania,mauritania,mauritania,mauritania,mauritania,mauritania,mauritania,mauritania,,,20.136621,-10.435459,Mauritania,2,15000,502000,,,,,7,,,"western_sahara, senegal, french_sudan, southern_algeria",,,,,,,,,
mauritius,,Mauritius,indian_west,mauritius,mauritius,mauritius,mauritius,mauritius,mauritius,mauritius,mauritius,,,-18.610008,59.628433,Mauritius,1.45,5500,375000,,,,,,,,,,,,,,,,,
middle_congo,,Middle Congo,w_africa,congo,congo,congo,congo,congo,congo,congo,congo,,,-2.850737,14.586904,Middle Congo,4,12000,780000,,,,,7,,,"gabon, congo_free_state, portuguese_congo, cameroon, central_african_republic",,,,,,,,,
moldova,,Moldova,b_sea,russia,russia,russia,russia,moldova,russia,russia,moldova,1,home,47.58310945,28.36537115,Moldova,2,90000,1364050,1930,1,100,100,7,,,"ukraine, romania",,,,,,,,,
moluccas,,Moluccas,indonesian_sea,indonesia,indonesia,indonesia,indonesia,indonesia,indonesia,indonesia,indonesia,,,-4.566726,128.428603,Moluccas,3,20000,1050000,1925,2,200,100,,,,,,,,,,,,,
mongolia,,Mongolia,japan_sea,mongolia,mongolia,mongolia,mongolia,mongolia,mongolia,mongolia,mongolia,,,46.663542,103.402931,Mongolia,2,0,604000,,,,,7,,3,"xinjiang, siberian_russia, northern_china",,,,,,,,,
montenegro,,Montenegro,adriatic,serbia,serbia,serbia,serbia,serbia,serbia,serbia,serbia,,,42.884913,19.356442,Montenegro,2,8000,320000,,,,,,0.02,3,"croatia, bosnia_&_herzegovina, serbia, kosovo, albania",,,,,,,,,
morocco,,Morocco,n_atlantic,morocco,morocco,morocco,morocco,morocco,morocco,morocco,morocco,,country,31.596618,-7.15678,Morocco,5,20000,3800000,1920,5,325,200,15,,,"northern_algeria, southern_algeria, western_sahara",,,,,,,,,
mozambique,,Mozambique,indian_west,mozambique,mozambique,mozambique,mozambique,mozambique,mozambique,mozambique,mozambique,,,-17.522569,35.509281,Mozambique,5,2000,2239000,,,,,,0.005,,"tanganyika, nyasaland, southern_rhodesia, transvaal, south_africa, northern_rhodesia, swaziland",,,,,,,,,
nepal,,Nepal,benghal_sea,nepal,nepal,nepal,nepal,nepal,nepal,nepal,nepal,,country,28.132244,83.76932,Nepal,3,0,3599000,,,,,25,,6,"tibet, northern_india, eastern_india",,,,,,,,,
netherlands,,Netherlands,n_sea,netherlands,netherlands,netherlands,netherlands,netherlands,netherlands,netherlands,netherlands,,country,51.99265528,5.271314421,Netherlands,17,40000,5104100,,,,,7,0.03,3,"belgium, western_germany",,,,,,,,,
new_brunswick,,New Brunswick,n_am_east,canada,canada,canada,canada,canada,canada,canada,canada,,country,46.902078,-66.219973,New Brunswick,3,30000,331120,,,,,,,,"central_canada, nova_scotia, maine",,,,,,,,,
new_caledonia,,New Caledonia,s_pacific,new_caledonia,new_caledonia,new_caledonia,new_caledonia,new_caledonia,new_caledonia,new_caledonia,new_caledonia,,,-21.417326,165.481015,New Caledonia,2.7,10000,54000,1925,1,100,100,,,,,,,,,,,,,
new_foundland,,Newfoundland,labrador_sea,canada,canada,canada,canada,canada,canada,canada,canada,,,53.812148,-61.19874,Newfoundland,3,30000,285000,,,,,,,,central_canada,,,,,,,,,
new_providence,,New Providence,caribbean,new_providence,new_providence,new_providence,new_providence,new_providence,new_providence,new_providence,new_providence,,,24.390547,-77.215586,New Providence,4,4000,45000,,,,,7,,,,,,,,,,,,
new_zealand,,New Zealand,oceania_south,new_zealand,new_zealand,new_zealand,new_zealand,new_zealand,new_zealand,new_zealand,new_zealand,,,-42.639365,172.172917,New Zealand,3.7,3000,802200,1930,4,250,100,,,,,,,,,,,,,
nicaragua,,Nicaragua,caribbean,nicaragua,nicaragua,nicaragua,nicaragua,nicaragua,nicaragua,nicaragua,nicaragua,,country,12.90547,-85.019032,Nicaragua,4,4000,429300,,,,,7,,,"honduras, costa_rica",,,,,,,,,
niger,,Niger,w_africa,niger,niger,niger,niger,niger,niger,niger,niger,,country,16.197643,8.68338,Niger,3,0,1459000,,,,,7,,,"southern_algeria, french_sudan, upper_volta, dahomey, nigeria, chad, fezzan-ghadames",,,,,,,,,
nigeria,,Nigeria,w_africa,nigeria,nigeria,nigeria,nigeria,nigeria,nigeria,nigeria,nigeria,,,9.208102,7.52966,Nigeria,7,36000,16000000,1927,5,1550,1500,7,,,"dahomey, cameroon, chad, niger",,,,,,,,,
north_borneo,,North Borneo,se_asia,malaysia,malaysia,malaysia,malaysia,malaysia,malaysia,malaysia,malaysia,,,5.319762,116.959205,North Borneo,3,1500,300000,1925,10,600,500,,,,"brunei, sarawak, borneo",,,,,,,,,
north_brazil,,Northern Brazil,c_atlantic,brazil,brazil,brazil,brazil,brazil,brazil,brazil,brazil,,country,-3.921065943,-52.64155125,Northern Brazil,7.5,45000,7984000,1930,5,800,300,7,0.03,,"french_guiana, suriname, british_guiana, venezuela, southern_colombia, peru, bolivia, south_brazil",,,,,,,,,
north_east_england,,Northeast England,n_sea,britain,britain,britain,britain,britain,britain,britain,britain,1,home,54.06476367,-1.087436554,Northeast England,9,120000,3349289,1890,100,300,300,7,0.03,,"scotland, north_west_england, eastern_england",,,,,,,,,
north_egypt,,Northern Egypt,medit,egypt,egypt,egypt,egypt,egypt,egypt,egypt,egypt,,,29.18496533,29.48837025,Northern Egypt,12,45000,15250000,1890,100,950,1000,15,0.03,1.5,"palestine, cyrenaica, south_egypt",,,,,,,,,
north_hokkaido,,North Hokkaido,japan_sea,japan,japan,japan,japan,japan,japan,japan,japan,1,home,44.43122386,142.4680865,North Hokkaido,2,45000,704000,,,,,7,,3,south_hokkaido,,,,,,,,,
north_honshu,,North Honshu,japan_sea,japan,japan,japan,japan,japan,japan,japan,japan,1,home,36.40323829,137.1493621,North Honshu,11,145000,16000000,,,,,7,,3,south_honshu,,,,,,,,,
north_sakhalin,,North Sakhalin,οkhotsk_sea,sakhalin,sakhalin,sakhalin,sakhalin,sakhalin,sakhalin,sakhalin,sakhalin,,,52.08903031,142.647868,North Sakhalin,3.5,40000,65200,1920,2,400,500,3,,,south_sakhalin,,,,,,,,,
north_west_england,,Northwest England,irish_sea,britain,britain,britain,britain,britain,britain,britain,britain,1,home,53.4773341,-1.6272721,Northwest England,6,120000,2740327,1890,100,200,300,7,0.03,,"north_east_england, wales, eastern_england, scotland",,,,,,,,,
north-east_frontier,,North-East Frontier,benghal_sea,india,india,india,india,india,india,india,india,,,28.38231943,94.48973135,North-East Frontier,1.25,0,240000,,,,,2,,6,"burma, tibet, bhutan, eastern_india",,,,,,,,,
northeast_china,,Northeast China,yellow_sea,china,china,china,china,china,china,china,china,1,home,39.33673125,115.3813707,Northeast China,20,120000,95500000,1890,100,2000,2000,7,0.015,,"liaodong_peninsula, kiautschou_bay, weihaiwei, eastern_china, central_china, northern_china",,,,,,,,,
northeast_italy,,Northeast Italy,adriatic,italy,italy,italy,italy,italy,italy,italy,italy,1,home,45.12735841,11.68965256,Northeast Italy,27,100000,10500000,,,,,7,,,"austria, switzerland, northwest_italy, central_italy, slovenia, southern_italy",,,,,,,,,
northeast_korea,,Northeast Korea,japan_sea,korean_empire,korean_empire,korean_empire,korean_empire,korean_empire,korean_empire,korean_empire,korean_empire,,,40.77435773,128.1503766,Northeast Korea,5.5,35000,3378700,,,,,7,0.035,,"southeast_korea, northwest_korea, liaodong_peninsula, manchuria, russian_far_east",,,,,,,,,
northeast_mexico,,Northeast Mexico,mex_coast,mexico,mexico,mexico,mexico,mexico,mexico,mexico,mexico,,country,22.6077906,-99.45563766,Northeast Mexico,6.5,10000,5205000,1920,2,800,400,,,,"gulf_coast, eastern_mexico, western_mexico",,,,,,,,,
northern_alaska,,Northern Alaska,bering_sea,alaska,alaska,alaska,alaska,alaska,alaska,alaska,alaska,1,,67.11076435,-152.6840433,Northern Alaska,0.5,0,35000,1930,3,1000,500,,,5,"southern_alaska, northern_canada",,,,,,,,,
northern_algeria,,Northern Algeria,medit2,algeria,algeria,algeria,algeria,algeria,algeria,algeria,algeria,,,33.22387823,3.141426421,Northern Algeria,4,4000,2995000,1930,5,200,100,7,,,"southern_algeria, tunisia, morocco",,,,,,,,,
northern_australia,,Northern Australia,indonesian_sea,australia,australia,australia,australia,australia,australia,australia,australia,1,home,-19.35055367,133.1420473,Northern Australia,7,30000,1229590,1920,1,525,250,,,,"eastern_australia, western_australia",,,,,,,,,
northern_canada,,Northern Canada,labrador_sea,canada,canada,canada,canada,canada,canada,canada,canada,,country,65.05292558,-100.2932414,Northern Canada,1.5,100000,250000,1920,2,1000,500,,,,"british_columbia, southern_alaska, northern_alaska, canadian_prairies",,,,,,,,,
northern_china,,Northern China,yellow_sea,china,china,china,china,china,china,china,china,1,home,40.03270173,102.8899636,Northern China,11,0,15500000,1890,100,1500,2000,15,0.015,,"manchuria, mongolia, xinjiang, central_china, northeast_china, siberian_russia, liaodong_peninsula",,,,,,,,,
northern_colombia,,Northern Colombia,caribbean,colombia,colombia,colombia,colombia,colombia,colombia,colombia,colombia,,country,8.414879,-74.797093,Northern Colombia,10,22000,2909900,1916,5,700,400,7,,,"venezuela, southern_colombia",,,,,,,,,
northern_finland,,Northern Finland,baltic,finland,finland,finland,finland,finland,finland,finland,finland,,,65.26371726,27.05263644,Northern Finland,3,40000,420000,1930,3,400,100,7,0.03,3,"eastern_sweden, northern_russia, northern_norway, southern_finland",,,,,,,,,
northern_france,,Northern France,english_channel,france,france,france,france,france,france,france,france,1,home,48.3,4.579062,Northern France,34,95000,17505000,1890,100,400,500,7,0.03,,"western_france, belgium, luxembourg, switzerland, southern_germany, southern_france",,,,,,,,,
northern_greece,,Northern Greece,aegean,ottoman,ottoman,ottoman,ottoman,greece,greece,greece,greece,,,39.670611,21.818518,Northern Greece,8.5,30000,2712000,,,,,33,0.05,5,"bosporus, eastern_rumelia, central_balkans, albania, southern_greece, dardanelles",,,,,,,,,
northern_india,,Northern India,benghal_sea,india,india,india,india,india,india,india,india,,,26.96115827,78.23009792,Northern India,9,80000,65000000,1890,,,,,,,"pakistan, kashmir, nepal, western_india, eastern_india, tibet",,,,,,,,,
northern_ireland,,Northern Ireland,irish_sea,britain,britain,britain,britain,britain,britain,britain,ireland,1,home,54.66105832,-6.729318791,Northern Ireland,5,25000,805000,,,,,15,0.03,,ireland,,,,,,,,,
northern_marianas,,Northern Marianas,philip_sea,northern_marianas,northern_marianas,northern_marianas,northern_marianas,northern_marianas,northern_marianas,northern_marianas,northern_marianas,,,14.613108,145.410675,Northern Marianas,0.7,10000,20000,,,,,,,,,,,,,,,,,
northern_norway,,Northern Norway,arctic,norway,norway,norway,norway,norway,norway,norway,norway,,country,68.71575693,18.52479738,Northern Norway,6,60000,418000,1930,5,200,150,7,0.055,3,"eastern_sweden, southern_norway, northern_finland, northern_russia",,,,,,,,,
northern_rhodesia,,Northern Rhodesia,indian_west,zambia,zambia,zambia,zambia,zambia,zambia,zambia,zambia,,country,-14.116667,27.633333,Northern Rhodesia,4.1,0,770000,,,,,,,,"southern_rhodesia, nyasaland, mozambique, angola, congo_free_state, tanganyika, southwest_africa, bechuanaland",,,,,,,,,
northern_russia,,Northern Russia,arctic,russia,russia,russia,russia,russia,russia,russia,russia,1,home,64.35099211,42.10806776,Northern Russia,4,150000,750000,1925,15,1000,2500,7,0.03,3,"northern_finland, southern_finland, siberian_russia, central_russia, northern_norway",,,,,,,,,
northern_spain,,Northern Spain,biscaic,spain,spain,spain,spain,spain,spain,spain,spain,1,home,42.059862,-4.091086,Northern Spain,10,80000,7600500,1930,5,400,300,7,0.03,,"portugal, western_spain, southern_spain, western_france",,,,,,,,,
northern_turkey,,Northern Turkey,b_sea,ottoman,ottoman,ottoman,ottoman,ottoman,ottoman,ottoman,ottoman,,country,40.5,34.320862,Northern Turkey,9,80000,2500000,1930,1,150,100,6,0.12,,"bosporus, western_turkey, southern_turkey, eastern_turkey, georgia",,,,,,,,,
northwest_italy,,Northwest Italy,medit2,italy,italy,italy,italy,italy,italy,italy,italy,1,home,44.45497784,9.640231652,Northwest Italy,21,120000,6000000,1925,5,200,100,7,0.03,,"northeast_italy, switzerland, southern_france, central_italy",,,,,,,,,
northwest_korea,,Northwest Korea,yellow_sea,korean_empire,korean_empire,korean_empire,korean_empire,korean_empire,korean_empire,korean_empire,korean_empire,,,39.78677657,125.1933078,Northwest Korea,4.5,35000,2237850,,,,,7,0.035,,"southwest_korea, southeast_korea, northeast_korea, liaodong_peninsula",,,,,,,,,
nova_scotia,,Nova Scotia,n_am_east,canada,canada,canada,canada,canada,canada,canada,canada,,country,45.387035,-62.685378,Nova Scotia,3,35000,459574,,,,,,,,new_brunswick,,,,,,,,,
nyasaland,,Nyasaland,indian_west,nyasaland,nyasaland,nyasaland,nyasaland,nyasaland,nyasaland,nyasaland,nyasaland,,,-13.53782564,34.39118685,Nyasaland,2,0,1125100,,,,,,,,"mozambique, tanganyika, northern_rhodesia",,,,,,,,,
okinawa_islands,,Okinawa Islands,east_asia,japan,japan,japan,japan,japan,japan,japan,japan,1,home,26.84892122,129.0463408,Okinawa Islands,1.5,45000,528000,,,,,7,,3,,,,,,,,,,
oman,,Oman,arabian_sea,oman,oman,oman,oman,oman,oman,oman,oman,,country,20.586618,56.074533,Oman,3,2000,500000,1935,2,800,1000,7,,,"trucial_states, arabia, yemen",,,,,,,,,
orange_free_state,,Orange Free State,indian_west,boer,boer,boer,boer,boer,boer,boer,boer,,country,-28.25827653,25.2526226,Orange Free State,2.9,0,750000,,,,,35,0.005,,"south_africa, basutoland, transvaal",,,,,,,,,
pakistan,,Pakistan,arabian_sea,pakistan,pakistan,pakistan,pakistan,pakistan,pakistan,pakistan,pakistan,,,29.98080086,69.72358551,Pakistan,6.5,80000,39000000,1930,5,400,30,,,,"western_india, northern_india, afghanistan, kashmir, persia",,,,,,,,,
palestine,,Palestine,medit,palestine,palestine,palestine,palestine,palestine,palestine,palestine,palestine,,,30.987871,34.801139,Palestine,4,40000,520000,,,,,12,0.01,3,"north_egypt, transjordania, lebanon, syria",,,,,,,,,
panama,,Panama,caribbean,panama,panama,panama,panama,panama,panama,panama,panama,,,8.520259,-80.155156,Panama,3,30000,263000,,,,,,,,"costa_rica, southern_colombia",,,,,,,,,
paraguay,,Paraguay,s_am_west,paraguay,paraguay,paraguay,paraguay,paraguay,paraguay,paraguay,paraguay,,country,-23.578981,-58.543113,Paraguay,3,0,635600,,,,,7,,,"south_brazil, bolivia, argentina",,,,,,,,,
penghu,,Penghu,east_asia,china,china,japan,japan,japan,japan,japan,china,1,home,24.023279,118.942518,Penghu,3,35000,50000,1925,2,300,100,7,0.025,,,,,,,,,,,
persia,,Persia,persian_gulf,persia,persia,persia,persia,persia,persia,persia,persia,,country,32.140477,54.157615,Persia,10,25000,9860000,1905,15,4600,2000,7,,,"turkmenistan, afghanistan, pakistan, iraq, eastern_turkey, armenia, azerbaijan",,,,,,,,,
peru,,Peru,s_am_west,peru,peru,peru,peru,peru,peru,peru,peru,,country,-10.751953,-76.372951,Peru,6,3000,3000000,1890,100,140,400,7,,,"ecuador, north_brazil, bolivia, chile, southern_colombia",,,,,,,,,
pitcairn_islands,,Pitcairn Islands,s_pacific,pitcairn_islands,pitcairn_islands,pitcairn_islands,pitcairn_islands,pitcairn_islands,pitcairn_islands,pitcairn_islands,pitcairn_islands,,,-24.375928,-128.326096,Pitcairn Islands,1,6000,170,,,,,,,,,,,,,,,,,
poland,,Western Poland,baltic,germany,germany,germany,germany,poland,poland,poland,poland,1,home,52.43782002,16.5669098,Western Poland,14,0,8925780,,,,,,0.03,,"eastern_germany, prussia, bohemia-moravia, eastern_poland",,,,,,,,,
portugal,,Portugal,n_atlantic,portugal,portugal,portugal,portugal,portugal,portugal,portugal,portugal,,country,39.73886693,-8.104342488,Portugal,5,95000,5450000,,,,,15,0.065,3,"northern_spain, western_spain",,,,,,,,,
portuguese_congo,,Portuguese Congo,w_africa,congo,congo,congo,congo,congo,congo,congo,congo,,,-5.064265115,12.32470313,Portuguese Congo,1.2,12000,120000,1930,1,100,100,7,,,"middle_congo, congo_free_state",,,,,,,,,
portuguese_guinea,,Portuguese Guinea,c_atlantic,guinea_bissau,guinea_bissau,guinea_bissau,guinea_bissau,guinea_bissau,guinea_bissau,guinea_bissau,guinea_bissau,,,12.457441,-13.647192,Portuguese Guinea,5,12000,200000,,,,,7,,,"french_guinea, senegal",,,,,,,,,
prussia,,Prussia,baltic,germany,germany,germany,germany,germany,germany,germany,poland,1,home,54.71175945,21.66765405,Prussia,10,180000,3219138,1925,2,400,100,5,0.03,3,"lithuania, poland, eastern_poland",,,,,,,,,
puerto_rico,,Puerto Rico,caribbean,puerto_rico,puerto_rico,puerto_rico,puerto_rico,puerto_rico,puerto_rico,puerto_rico,puerto_rico,,,17.940279,-66.931585,Puerto Rico,6,25000,986000,,,,,,,,,,,,,,,,,
qatar,,Qatar,persian_gulf,qatar,qatar,qatar,qatar,qatar,qatar,qatar,qatar,,,24.86088,51.099001,Qatar,2,2000,11000,1930,5,1700,500,,0.033,,arabia,,,,,,,,,
reunion,,Réunion,indian_west,reunion,reunion,reunion,reunion,reunion,reunion,reunion,reunion,,,-21.731104,55.680568,Réunion,1.35,4500,178000,,,,,,,,,,,,,,,,,
romania,,Romania,b_sea,romania,romania,romania,romania,romania,romania,romania,romania,,country,45.035097,26.987629,Romania,4.4,20000,5000000,1930,1,100,100,7,0.03,,"ukraine, moldova, hungary, serbia, bulgaria",,,,,,,,,
russian_far_east,,Russian Far East,japan_sea,russia,russia,russia,russia,russia,russia,russia,russia,1,home,52.01699,134.11882,Russian Far East,8.5,40000,4981340,1925,2,500,100,7,,,"manchuria, siberian_russia, southern_siberia, northeast_korea",,,,,,,,,
rwanda,,Rwanda,indian_west,rwanda,rwanda,rwanda,rwanda,rwanda,rwanda,rwanda,rwanda,,,-2.012507796,29.82844119,Rwanda,1.2,1000,990000,1930,1,100,70,,,,"uganda, congo_free_state, tanganyika, burundi",,,,,,,,,
sarawak,,Sarawak,se_asia,malaysia,malaysia,malaysia,malaysia,malaysia,malaysia,malaysia,malaysia,,,2.296353,113.740485,Sarawak,3,1000,500000,1908,10,600,500,,,,"borneo, brunei, north_borneo",,,,,,,,,
sardinia,,Sardinia,medit2,italy,italy,italy,italy,italy,italy,italy,italy,1,home,40.195412,9.013224,Sardinia,4,15000,350000,,,,,,,,,,,,,,,,,
scotland,,Scotland,n_sea,britain,britain,britain,britain,britain,britain,britain,scotland,1,home,56.81027777,-3.98376559,Scotland,35,130000,4472103,,,,,7,0.05,,"north_east_england, north_west_england",,,,,,,,,
senegal,,Senegal,c_atlantic,senegal,senegal,senegal,senegal,senegal,senegal,senegal,senegal,,,14.890284,-14.956799,Senegal,5,10000,1200000,,,,,7,,,"gambia, mauritania, french_sudan, french_guinea, portuguese_guinea",,,,,,,,,
serbia,,Serbia,adriatic,serbia,serbia,serbia,serbia,serbia,serbia,serbia,serbia,,country,43.66687,21.131283,Serbia,5,0,2579800,,,,,,0.04,3,"bosnia_&_herzegovina, croatia, montenegro, central_balkans, romania, hungary, kosovo, bulgaria",,,,,,,,,
seychelles,,Seychelles,indian_west,seychelles,seychelles,seychelles,seychelles,seychelles,seychelles,seychelles,seychelles,,,-5.923429,54.208512,Seychelles,0.8,3000,22000,,,,,,,,,,,,,,,,,
sgssi,,SGSSI,s_am_east,argentina,argentina,argentina,argentina,argentina,argentina,argentina,argentina,,,-54.669304,-36.707175,SGSSI,0.1,20000,1000,1920,0.2,200,500,,,,,,,,,,,,,
shetland,,Shetland,n_sea,britain,britain,britain,britain,britain,britain,britain,scotland,1,home,60.30506162,-1.265866398,Shetland,0.15,10000,9000,,,,,0.01,0.03,4,,,,,,,,,,
shikoku,,Shikoku,ne_asia,japan,japan,japan,japan,japan,japan,japan,japan,1,home,33.79264446,133.619077,Shikoku,2.5,145000,975000,,,,,7,,3,,,,,,,,,,
siberian_russia,,Siberian Russia,οkhotsk_sea,russia,russia,russia,russia,russia,russia,russia,russia,1,home,61.725573,92.036889,Siberian Russia,7.5,0,5692960,1925,15,4000,2000,,,5,"central_russia,  mongolia, kazakhstan, russian_far_east, northern_russia, eastern_siberia, southern_siberia, xinjiang, northern_china, manchuria",,,,,,,,,
sierra_leone,,Sierra Leone,c_atlantic,sierra_leone,sierra_leone,sierra_leone,sierra_leone,sierra_leone,sierra_leone,sierra_leone,sierra_leone,,,8.420761,-11.606045,Sierra Leone,4,3000,1027000,,,,,7,,,"french_guinea, liberia",,,,,,,,,
singapore,,Singapore,se_asia,singapore,singapore,singapore,singapore,singapore,singapore,singapore,singapore,,,1.733731,103.695443,Singapore,3.5,25000,75729,,,,,,,,malaya,,,,,,,,,
slovenia,,Slovenia,adriatic,austria,austria,austria,austria,austria,austria,austria,slovenia,1,home,46.07241652,14.65887748,Slovenia,4.5,0,2150000,,,,,7,0.05,,"northeast_italy, austria, hungary, croatia",,,,,,,,,
solomon_islands,,Solomon Islands,oceania_north,solomon_islands,solomon_islands,solomon_islands,solomon_islands,solomon_islands,solomon_islands,solomon_islands,solomon_islands,,,-8.086897,158.441201,Solomon Islands,2.5,25000,135000,,,,,,,,,,,,,,,,,
south_africa,,South Africa,s_atlantic,south_africa,south_africa,south_africa,south_africa,south_africa,south_africa,south_africa,south_africa,,,-30.70356,24.80518,South Africa,6,15000,9100000,,,,,7,,,"southwest_africa, bechuanaland, orange_free_state, transvaal, mozambique, swaziland, basutoland",,,,,,,,,
south_brazil,,Southern Brazil,s_am_east,brazil,brazil,brazil,brazil,brazil,brazil,brazil,brazil,,country,-8.359217,-55.582261,Southern Brazil,9.5,45000,11246000,1930,5,800,300,7,0.03,,"uruguay, paraguay, argentina, bolivia, north_brazil",,,,,,,,,
south_egypt,,Southern Egypt,red_sea,egypt,egypt,egypt,egypt,egypt,egypt,egypt,egypt,,,25.49734318,30.2326833,Southern Egypt,8,25000,6500000,1912,10,450,1000,15,0.03,1.5,"cyrenaica, sudan, north_egypt",,,,,,,,,
south_hokkaido,,South Hokkaido,ne_asia,japan,japan,japan,japan,japan,japan,japan,japan,1,home,42.76637464,142.5063538,South Hokkaido,3,45000,1056000,,,,,7,,3,north_hokkaido,,,,,,,,,
south_honshu,,South Honshu,ne_asia,japan,japan,japan,japan,japan,japan,japan,japan,1,home,36.18601962,139.4594476,South Honshu,13,145000,19000000,,,,,7,,3,"north_honshu, kyushu",,,,,,,,,
south_sakhalin,,South Sakhalin,japan_sea,sakhalin,sakhalin,sakhalin,sakhalin,sakhalin,sakhalin,sakhalin,sakhalin,,,49.36611295,142.647868,South Sakhalin,2.5,40000,75500,1920,2,400,500,3,,,north_sakhalin,,,,,,,,,
south_sudan,,South Sudan,red_sea,sudan,sudan,sudan,sudan,sudan,sudan,sudan,sudan,,country,7.703822446,30.26061804,South Sudan,3,0,1348000,1930,3,600,700,,,,"sudan, central_african_republic, ethiopia, uganda, congo_free_state, british_east_africa",,,,,,,,,
southeast_korea,,Southeast Korea,japan_sea,korean_kingdom,korean_kingdom,korean_kingdom,korean_kingdom,korean_kingdom,korean_kingdom,korean_kingdom,korean_kingdom,,,36.97996212,128.7248613,Southeast Korea,4.5,50000,5253300,,,,,7,0.035,,"northwest_korea, northeast_korea, southwest_korea",,,,,,,,,
southeastern_seaboard,,Southeastern Seaboard,n_am_east,usa,usa,usa,usa,usa,usa,usa,usa,1,home,35.767539,-80.294725,Southeastern Seaboard,13.5,120000,15242440,1890,100,950,500,,,,"eastern_usa, central_usa, gulf_coast",,,,,,,,,
southern_alaska,,Southern Alaska,alaska_gulf,alaska,alaska,alaska,alaska,alaska,alaska,alaska,alaska,,,63.95639458,-149.2294651,Southern Alaska,1,25000,63592,1930,5,950,400,,,,"northern_canada, british_columbia, northern_alaska, eastern_aleutians",,,,,,,,,
southern_algeria,,Southern Algeria,medit2,algeria,algeria,algeria,algeria,algeria,algeria,algeria,algeria,,,27.33594936,1.746912083,Southern Algeria,1.5,4000,1225000,1930,2,300,100,7,,,"northern_algeria, tunisia, tripolitania, niger, french_sudan, mauritania, western_sahara, morocco, fezzan-ghadames",,,,,,,,,
southern_china,,Southern China,se_asia,china,china,china,china,china,china,china,china,1,home,25.29452377,108.7694713,Southern China,15,75000,66500000,1920,5,1750,2000,7,0.015,,"central_china, burma, tonkin, laos, kwang-chou-wan, hong_kong, eastern_china",,,,,,,,,
southern_colombia,,Southern Colombia,s_am_west,colombia,colombia,colombia,colombia,colombia,colombia,colombia,colombia,,country,1.732436,-74.655823,Southern Colombia,6,15000,1247100,1916,5,400,400,7,,,"ecuador, northern_colombia, north_brazil, venezuela, panama, peru",,,,,,,,,
southern_england,,Southern England,english_channel,britain,britain,britain,britain,britain,britain,britain,britain,1,home,51.19286747,-1.564801168,Southern England,40,120000,16539699,1895,100,750,500,7,0.03,,"wales, eastern_england",,,,,,,,,
southern_finland,,Southern Finland,baltic,finland,finland,finland,finland,finland,finland,finland,finland,,,61.897096,26.100266,Southern Finland,4,40000,1756000,1930,3,400,100,7,0.03,3,"northern_russia, northern_finland, central_russia",,,,,,,,,
southern_france,,Southern France,medit2,france,france,france,france,france,france,france,france,1,home,44.762571,4.467499,Southern France,30,75000,12900000,,,,,,0.03,,"southern_spain, northwest_italy, switzerland, western_france, northern_france",,,,,,,,,
southern_germany,,Southern Germany,n_sea,germany,germany,germany,germany,germany,germany,germany,germany,1,home,48.504864,10.782328,Southern Germany,25,0,10146092,,,,,7,0.03,,"switzerland, austria, luxembourg, northern_france, western_germany, eastern_germany, bohemia-moravia",,,,,,,,,
southern_greece,,Southern Greece,aegean,greece,greece,greece,greece,greece,greece,greece,greece,,country,37.103808,22.441516,Southern Greece,10,35000,2250000,1930,1,200,100,33,0.061,5,northern_greece,,,,,,,,,
southern_italy,,Southern Italy,adriatic,italy,italy,italy,italy,italy,italy,italy,italy,1,home,40.33634458,16.06658764,Southern Italy,20,120000,5500000,,,,,7,0.03,,"central_italy, northeast_italy",,,,,,,,,
southern_norway,,Southern Norway,n_sea,norway,norway,norway,norway,norway,norway,norway,norway,,country,61.86287615,9.162050019,Southern Norway,6,60000,1512000,1930,5,200,150,7,0.05,3,"western_sweden, eastern_sweden, northern_norway",,,,,,,,,
southern_rhodesia,,Southern Rhodesia,indian_west,zimbabwe,zimbabwe,zimbabwe,zimbabwe,zimbabwe,zimbabwe,zimbabwe,zimbabwe,,country,-19.016667,30.016667,Southern Rhodesia,3.9,0,692000,,,,,,,,"northern_rhodesia, mozambique, bechuanaland",,,,,,,,,
southern_russia,,Southern Russia,b_sea,russia,russia,russia,russia,russia,russia,russia,russia,1,home,49.94863216,42.6936419,Southern Russia,12,150000,10188050,1890,100,500,1500,7,0.03,,"central_russia, ukraine, kazakhstan, georgia, azerbaijan, crimaia",,,,,,,,,
southern_siberia,,Southern Siberia,οkhotsk_sea,russia,russia,russia,russia,russia,russia,russia,russia,1,home,64.35804842,153.289046,Southern Siberia,0.4,0,45000,1930,1,1000,500,,,5,"kamchatka, eastern_siberia, siberian_russia, russian_far_east",,,,,,,,,
southern_spain,,Southern Spain,medit2,spain,spain,spain,spain,spain,spain,spain,spain,1,home,38.336278,-2.07953,Southern Spain,10,85000,9500000,,,,,,0.03,,"southern_france, western_spain, northern_spain, western_france, gibraltar",,,,,,,,,
southern_turkey,,Southern Turkey,medit,ottoman,ottoman,ottoman,ottoman,ottoman,ottoman,ottoman,ottoman,,country,37.69,33.08,Southern Turkey,6,45000,5500000,,,,,7,0.12,,"syria, eastern_turkey, western_turkey, northern_turkey",,,,,,,,,
southwest_africa,,Southwest Africa,s_atlantic,namibia,namibia,namibia,namibia,namibia,namibia,namibia,namibia,,,-22.339521,16.6603,Southwest Africa,5,20000,210000,,,,,7,,,"bechuanaland, south_africa, angola, northern_rhodesia",,,,,,,,,
southwest_korea,,Southwest Korea,yellow_sea,korean_kingdom,korean_kingdom,korean_kingdom,korean_kingdom,korean_kingdom,korean_kingdom,korean_kingdom,korean_kingdom,,,36.31004031,127.0988852,Southwest Korea,6.5,50000,6105100,,,,,7,0.035,,"northwest_korea, southeast_korea",,,,,,,,,
southwest_mexico,,Southwest Mexico,n_am_west,mexico,mexico,mexico,mexico,mexico,mexico,mexico,mexico,,country,17.50295716,-99.43611928,Southwest Mexico,3.5,15000,3000000,1925,5,900,500,7,,,"british_honduras, western_mexico, eastern_mexico",,,,,,,,,
sudan,,Sudan,red_sea,sudan,sudan,sudan,sudan,sudan,sudan,sudan,sudan,,country,13.930448,30.42873,Sudan,5,5000,5588000,1930,5,400,500,,,,"south_egypt, cyrenaica, chad, central_african_republic, ethiopia, eritrea, south_sudan",,,,,,,,,
sulawesi,,Sulawesi,indonesian_sea,indonesia,indonesia,indonesia,indonesia,indonesia,indonesia,indonesia,indonesia,,,-2.381633,120.483403,Sulawesi,4,30000,1320026,1895,10,400,500,,,,,,,,,,,,,
sumatra,,Sumatra,se_asia,sumatra,sumatra,sumatra,sumatra,sumatra,sumatra,sumatra,sumatra,,,-0.487982,101.533922,Sumatra,6,5000,9454843,1895,10,500,500,4,,,,,,,,,,,,
suriname,,Suriname,caribbean,suriname,suriname,suriname,suriname,suriname,suriname,suriname,suriname,,,4.165116,-55.900766,Suriname,4,1000,86000,,,,,,,,"french_guiana, british_guiana, north_brazil",,,,,,,,,
swaziland,,Swaziland,indian_west,swaziland,swaziland,swaziland,swaziland,swaziland,swaziland,swaziland,swaziland,,,-26.57459725,31.44450753,Swaziland,1.3,0,420000,,,,,15,0.005,,"south_africa, transvaal, mozambique",,,,,,,,,
switzerland,,Switzerland,adriatic,switzerland,switzerland,switzerland,switzerland,switzerland,switzerland,switzerland,switzerland,,country,46.797949,8.33441,Switzerland,15,0,3315400,,,,,,0.03,7,"southern_germany, southern_france, northern_france, austria, northeast_italy, northwest_italy",,,,,,,,,
syria,,Syria,medit,syria,syria,syria,syria,syria,syria,syria,syria,,,34.992578,38.604999,Syria,5,20000,750000,1930,4,400,100,10,0.03,3,"lebanon, transjordania, iraq, southern_turkey, eastern_turkey, palestine",,,,,,,,,
tajikistan,,Tajikistan,arabian_sea,tajikistan,tajikistan,tajikistan,tajikistan,tajikistan,tajikistan,tajikistan,tajikistan,,,38.57974685,71.21609014,Tajikistan,2.5,0,4568256,1930,5,75,35,10,,3,"kyrgyzstan, uzbekistan, afghanistan, xinjiang",,,,,,,,,
tanganyika,,Tanganyika,indian_west,tanganyika,tanganyika,tanganyika,tanganyika,tanganyika,tanganyika,tanganyika,tanganyika,,,-6.571685,35.086366,Tanganyika,5,1000,3500000,1930,4,400,100,,,,"british_east_africa, uganda, congo_free_state, northern_rhodesia, nyasaland, mozambique, rwanda, burundi",,,,,,,,,
tasmania,,Tasmania,oceania_south,tasmania,tasmania,tasmania,tasmania,tasmania,tasmania,tasmania,tasmania,,,-42.192165,146.598695,Tasmania,1.7,15000,76000,1930,1,200,100,,,,,,,,,,,,,
territory_of_papua,,Territory of Papua,oceania_north,papua,papua,papua,papua,papua,papua,papua,papua,,,-8.614482,147.570515,Territory of Papua,3,1000,400000,1912,2,300,,,,,"dutch_new_guinea, german_new_guinea",,,,,,,,,
thailand,,Thailand,se_asia,thailand,thailand,thailand,thailand,thailand,thailand,thailand,thailand,,country,15.280033,100.97176,Thailand,9,15000,11838000,,,,,7,,,"malaya, burma, laos, cambodia",,,,,,,,,
tibet,,Tibet,benghal_sea,china,china,china,china,tibet,tibet,tibet,tibet,1,home,32.03184366,86.84009316,Tibet,5,0,3500000,1920,0.005,750,500,15,0.01,5,"nepal, kashmir, northern_india, xinjiang, central_china, bhutan, north-east_frontier, eastern_india",,,,,,,,,
timor,,Timor,indonesian_sea,timor,timor,timor,timor,timor,timor,timor,timor,,,-8.752065128,125.9196848,Timor,1.75,35000,175000,,,,,,,,java,,,,,,,,,
togoland,,Togoland,w_africa,ghana,ghana,ghana,ghana,ghana,ghana,ghana,ghana,,,7.835483,1.106153,Togoland,5.7,20000,920000,1930,4,125,75,7,,,"dahomey, gold_coast, upper_volta",,,,,,,,,
tonga,,Tonga,s_pacific,tonga,tonga,tonga,tonga,tonga,tonga,tonga,tonga,,country,-20.336262,-174.889933,Tonga,0.8,10000,21000,1925,1,200,100,7,,,,,,,,,,,,
tonkin,,Tonkin,se_asia,north_vietnam,north_vietnam,north_vietnam,north_vietnam,north_vietnam,north_vietnam,north_vietnam,north_vietnam,,,21.53514,105.523465,Tonkin,3.7,10000,6000000,1925,1,200,100,7,,,"laos, annam, southern_china",,,,,,,,,
transjordania,,Transjordania,medit,jordan,jordan,jordan,jordan,jordan,jordan,jordan,jordan,,,30,37.226793,Transjordania,3.6,0,450000,,,,,7,,,"palestine, syria, iraq, arabia, hejaz",,,,,,,,,
transvaal,,Transvaal,indian_west,transvaal,transvaal,transvaal,transvaal,transvaal,transvaal,transvaal,transvaal,,country,-25.35523,28.924594,Transvaal,3.5,0,1400000,,,,,35,0.005,,"south_africa, mozambique, swaziland, orange_free_state, bechuanaland",,,,,,,,,
trinidad,,Trinidad,caribbean,trinidad,trinidad,trinidad,trinidad,trinidad,trinidad,trinidad,trinidad,,,10.07716,-61.111093,Trinidad,3.5,18000,320000,,,,,7,,,,,,,,,,,,
tripolitania,,Tripolitania,medit3,libya,libya,libya,libya,libya,libya,libya,libya,,,31.19324837,13.02271579,Tripolitania,3,25000,325500,1925,5,850,1000,15,0.03,1.5,"tunisia, southern_algeria, cyrenaica, fezzan-ghadames",,,,,,,,,
trucial_states,,Trucial States,persian_gulf,uae,uae,uae,uae,uae,uae,uae,uae,,,24.038894,54.05382,Trucial States,1.2,1000,70000,1930,5,600,500,,,,"arabia, oman",,,,,,,,,
tunisia,,Tunisia,medit3,tunisia,tunisia,tunisia,tunisia,tunisia,tunisia,tunisia,tunisia,,,34.062112,9.558722,Tunisia,3,20000,1900000,1930,5,375,200,7,0.01,,"tripolitania, northern_algeria, southern_algeria",,,,,,,,,
turkmenistan,,Turkmenistan,arabian_sea,turkmenistan,turkmenistan,turkmenistan,turkmenistan,turkmenistan,turkmenistan,turkmenistan,turkmenistan,,,39.0486007,59.30758676,Turkmenistan,3,0,6560126,1900,5,400,250,10,,3,"uzbekistan, afghanistan, persia, kazakhstan",,,,,,,,,
turks_&_caicos_islands,,Turks & Caicos Islands,caribbean,caicos,caicos,caicos,caicos,caicos,caicos,caicos,caicos,,,22.007012,-72.144411,Turks & Caicos Islands,1.75,6000,5500,,,,,,,,,,,,,,,,,
uganda,,Uganda,indian_west,uganda,uganda,uganda,uganda,uganda,uganda,uganda,uganda,,,0.846044,32.020606,Uganda,3,0,1649900,,,,,7,,,"british_east_africa, tanganyika, congo_free_state, south_sudan, rwanda",,,,,,,,,
ukraine,,Ukraine,b_sea,russia,russia,russia,russia,ukraine,russia,russia,ukraine,1,home,49.63208384,29.99928461,Ukraine,12,90000,21798720,1920,5,900,200,7,0.03,,"belarus, eastern_poland, galicia, hungary, romania, moldova, central_russia, southern_russia, crimaia",,,,,,,,,
upper_volta,,Upper Volta,w_africa,upper_volta,upper_volta,upper_volta,upper_volta,upper_volta,upper_volta,upper_volta,upper_volta,,country,11.952705,-1.497963,Upper Volta,3.4,0,2222000,,,,,7,,,"french_sudan, ivory_coast, gold_coast, togoland, dahomey, niger",,,,,,,,,
uruguay,,Uruguay,s_am_east,uruguay,uruguay,uruguay,uruguay,uruguay,uruguay,uruguay,uruguay,,country,-32.803953,-56.039199,Uruguay,6,4000,943000,1925,2,200,100,7,0.03,,"south_brazil, argentina",,,,,,,,,
uzbekistan,,Uzbekistan,arabian_sea,uzbekistan,uzbekistan,uzbekistan,uzbekistan,uzbekistan,uzbekistan,uzbekistan,uzbekistan,,,42.11410513,63.77662166,Uzbekistan,2.75,0,7251060,1930,2,400,2000,10,,3,"kazakhstan, turkmenistan, tajikistan, kyrgyzstan, afghanistan",,,,,,,,,
vanuatu,,Vanuatu,s_pacific,vanuatu,vanuatu,vanuatu,vanuatu,vanuatu,vanuatu,vanuatu,vanuatu,,country,-15.263711,166.861199,Vanuatu,1,13000,45000,,,,,,,,,,,,,,,,,
venezuela,,Venezuela,caribbean,venezuela,venezuela,venezuela,venezuela,venezuela,venezuela,venezuela,venezuela,,country,7.361657,-66.282812,Venezuela,7,40000,2445000,1912,5,4500,500,7,,,"northern_colombia, southern_colombia, north_brazil, british_guiana",,,,,,,,,
virgin_islands,,Virgin Islands,caribbean,virgin_islands,virgin_islands,virgin_islands,virgin_islands,virgin_islands,virgin_islands,virgin_islands,virgin_islands,,,17.420768,-62.252336,Virgin Islands,3,20000,28000,,,,,,,,,,,,,,,,,
wales,,Wales,irish_sea,britain,britain,britain,britain,britain,britain,britain,wales,1,home,52.30077797,-3.323593321,Wales,25,25000,2012876,,,,,7,0.03,,"north_west_england, eastern_england, southern_england",,,,,,,,,
weihaiwei,,Weihaiwei,yellow_sea,china,china,china,china,china,china,china,china,1,home,36.994382,121.827537,Weihaiwei,4,40000,275000,1925,2,300,100,7,,,northeast_china,,,,,,,,,
west_greenland,,West Greenland,labrador_sea,greenland,greenland,greenland,greenland,greenland,greenland,greenland,greenland,,,72.51078187,-48.48990589,West Greenland,0.5,7000,4000,1920,1,900,500,,,,east_greenland,,,,,,,,,
west_phillipinnes,,West Philippines,se_asia,phillipinnes,phillipinnes,phillipinnes,phillipinnes,phillipinnes,phillipinnes,phillipinnes,phillipinnes,,,11.70623876,121.2527084,West Philippines,5,35000,10990030,1895,4,100,100,7,,,,,,,,,,,,
western_australia,,Western Australia,indian_east,australia,australia,australia,australia,australia,australia,australia,australia,1,home,-24.783896,128.709988,Western Australia,4,20000,1129590,1920,5,525,250,,,,"eastern_australia, northern_australia",,,,,,,,,
western_denmark,,Western Denmark,n_sea,denmark,denmark,denmark,denmark,denmark,denmark,denmark,denmark,,country,55.70734674,8.838586618,Western Denmark,4.5,30000,1240000,1925,2,200,100,5,0.03,4,"western_germany, eastern_germany, eastern_denmark",,,,,,,,,
western_france,,Western France,biscaic,france,france,france,france,france,france,france,france,1,home,46.25,1.1,Western France,31,100000,10114000,,,,,7,0.03,,"northern_france, southern_france, northern_spain, southern_spain",,,,,,,,,
western_germany,,Western Germany,n_sea,germany,germany,germany,germany,germany,germany,germany,germany,1,home,51.014777,9.061712,Western Germany,42,100000,18601169,1890,100,800,1500,7,0.03,3,"eastern_germany, netherlands, luxembourg, southern_germany, belgium, western_denmark",,,,,,,,,
western_gilbert_&_ellice_islands,,Western Gilbert & Ellice Islands,s_pacific,kiribati,kiribati,kiribati,kiribati,kiribati,kiribati,kiribati,kiribati,,,0.186725,174.010642,Western Gilbert & Ellice Islands,1,15000,25000,,,,,,,,,,,,,,,,,
western_india,,Western India,arabian_sea,india,india,india,india,india,india,india,india,,,20.97664693,75.64133499,Western India,10,80000,85000000,1890,100,250,1000,15,,,"pakistan, northern_india, eastern_india",,,,,,,,,
western_mexico,,Northwest Mexico,n_am_west,mexico,mexico,mexico,mexico,mexico,mexico,mexico,mexico,,country,21.55847535,-104.3685554,Northwest Mexico,4.5,10000,4607000,1920,4,800,400,,,,"gulf_coast, eastern_mexico, western_usa, northeast_mexico, southwest_mexico",,,,,,,,,
western_sahara,,Western Sahara,n_atlantic,western_sahara,western_sahara,western_sahara,western_sahara,western_sahara,western_sahara,western_sahara,western_sahara,,,24.608908,-13.218668,Western Sahara,2.5,10000,35000,,,,,10,,,"morocco, southern_algeria, mauritania",,,,,,,,,
western_samoa,,Western Samoa,s_pacific,samoa,samoa,samoa,samoa,samoa,samoa,samoa,samoa,,country,-14.307994,-172.848982,Western Samoa,0.3,5000,6000,,,,,,,,,,,,,,,,,
western_sicily,,Western Sicily,medit2,italy,italy,italy,italy,italy,italy,italy,italy,1,home,37.70348384,13.22264824,Western Sicily,5,25000,1100000,,,,,,0.03,,eastern_sicily,,,,,,,,,
western_spain,,Western Spain,n_atlantic,spain,spain,spain,spain,spain,spain,spain,spain,1,home,38.724291,-5.903223,Western Spain,8,65000,2300000,,,,,7,0.03,,"northern_spain, portugal, southern_spain",,,,,,,,,
western_sweden,,Western Sweden,n_sea,sweden,sweden,sweden,sweden,sweden,sweden,sweden,sweden,,country,58.22344015,12.77520583,Western Sweden,6,75000,3136400,,,,,7,0.039,3,"eastern_sweden, southern_norway",,,,,,,,,
western_turkey,,Western Turkey,aegean,ottoman,ottoman,ottoman,ottoman,greece,ottoman,ottoman,ottoman,,country,38.79188678,29.01470088,Western Turkey,6,80000,5500000,1930,1,150,100,6,0.12,,"dardanelles, southern_turkey, northern_turkey, bosporus",,,,,,,,,
western_usa,,Western USA,n_am_west,usa,usa,usa,usa,usa,usa,usa,usa,1,home,37.704221,-119.145924,Western USA,15,120000,11431830,1930,5,1250,500,,,,"western_mexico, gulf_coast, central_usa, british_columbia",,,,,,,,,
xinjiang,,Xinjiang,benghal_sea,china,china,china,china,xinjiang,xinjiang,xinjiang,xinjiang,1,home,41.31253872,84.35313609,Xinjiang,9,0,8500000,1920,5,3500,500,12,0.015,3,"afghanistan, tajikistan, kazakhstan, kyrgyzstan, kashmir, central_china, mongolia, siberian_russia, northern_china, tibet",,,,,,,,,
yemen,,Yemen,arabian_sea,yemen,yemen,yemen,yemen,yemen,yemen,yemen,yemen,,,15.800019,47.807081,Yemen,3,1000,3750000,1930,4,400,100,,0.035,,"arabia, oman, hejaz",,,,,,,,,
zanzibar,,Zanzibar,indian_west,zanzibar,zanzibar,zanzibar,zanzibar,zanzibar,zanzibar,zanzibar,zanzibar,,,-5.763122,39.848107,Zanzibar,1.5,1000,200000,1930,10,90,100,,,,,,,,,,,,,
